DATE,Close,DFF,T10Y2Y,logPrice
2017-04-01,35.924999,0.82,1.11,3.5814334041293194
2017-04-02,35.924999,0.82,1.11,3.5814334041293194
2017-04-03,35.924999,0.91,1.11,3.5814334041293194
2017-04-04,36.192501,0.91,1.11,3.588851942676095
2017-04-05,36.005001,0.91,1.1,3.58365784547475
2017-04-06,35.915001,0.91,1.1,3.581155063370284
2017-04-07,35.834999,0.91,1.09,3.5789250415402036
2017-04-08,35.82083266666667,0.91,1.08,3.578529642221309
2017-04-09,35.80666633333333,0.91,1.08,3.5781340864999502
2017-04-10,35.7925,0.91,1.08,3.5777383742523456
2017-04-11,35.407501,0.91,1.08,3.566923690349018
2017-04-12,35.450001,0.91,1.04,3.568123281186881
2017-04-13,35.262501,0.91,1.03,3.5628201046868524
2017-04-14,35.31125075,0.91,1.03,3.5642016312897287
2017-04-15,35.3600005,0.91,1.05,3.565581251909714
2017-04-16,35.408750250000004,0.91,1.05,3.566958971798631
2017-04-17,35.4575,0.91,1.05,3.5683347961866256
2017-04-18,35.299999,0.91,1.0,3.5638829356106387
2017-04-19,35.169998,0.91,1.02,3.5601933896192417
2017-04-20,35.610001,0.91,1.03,3.5726265253716853
2017-04-21,35.567501,0.91,1.04,3.5714323276587394
2017-04-22,35.68166733333333,0.91,1.03,3.574637036814307
2017-04-23,35.79583366666667,0.91,1.03,3.577831508608136
2017-04-24,35.91,0.91,1.03,3.5810158082379915
2017-04-25,36.1325,0.91,1.06,3.58719273734086
2017-04-26,35.919998,0.91,1.04,3.58129418775471
2017-04-27,35.947498,0.91,1.05,3.582059485083065
2017-04-28,35.912498,0.83,1.01,3.581085368614491
2017-04-29,36.156665333333336,0.83,1.05,3.58786131150746
2017-04-30,36.400832666666666,0.83,1.05,3.594591649838931
2017-05-01,36.645,0.91,1.05,3.6012769933778137
2017-05-02,36.877499,0.91,1.02,3.607601581855261
2017-05-03,36.764999,0.91,1.03,3.604546278448403
2017-05-04,36.6325,0.91,1.04,3.600935824530043
2017-05-05,37.240002,0.91,1.04,3.6173835061145576
2017-05-06,37.577501,0.91,1.06,3.626405493636913
2017-05-07,37.915,0.91,1.06,3.635346812152899
2017-05-08,38.252499,0.91,1.06,3.6442088914717488
2017-05-09,38.497501,0.91,1.05,3.650593330096143
2017-05-10,38.314999,0.91,1.06,3.6458414383229285
2017-05-11,38.487499,0.91,1.04,3.6503334872681568
2017-05-12,39.025002,0.91,1.04,3.664202517650694
2017-05-13,38.991667666666665,0.91,1.03,3.6633479737306756
2017-05-14,38.958333333333336,0.91,1.03,3.6624926989407416
2017-05-15,38.924999,0.91,1.03,3.6616366920296315
2017-05-16,38.8675,0.91,1.04,3.6601584258417588
2017-05-17,38.542051423090975,0.91,0.96,3.6517498899840386
2017-05-18,38.134998,0.91,0.96,3.64113244317094
2017-05-19,38.264999,0.91,0.95,3.644535614128342
2017-05-20,38.34249966666667,0.91,0.96,3.6465589328492247
2017-05-21,38.42000033333333,0.91,0.96,3.6485781660164474
2017-05-22,38.497501,0.91,0.96,3.650593330096143
2017-05-23,38.450001,0.91,0.98,3.649358721959455
2017-05-24,38.334999,0.91,0.97,3.646363290925035
2017-05-25,38.467499,0.91,0.95,3.649813702953425
2017-05-26,38.4025,0.91,0.95,3.6481225616411637
2017-05-27,38.40625,0.91,0.95,3.6482202067663083
2017-05-28,38.41,0.91,0.95,3.6483178423578133
2017-05-29,38.41375,0.91,0.95,3.6484154684175407
2017-05-30,38.4175,0.91,0.93,3.6485130849473504
2017-05-31,38.35251219043616,0.83,0.93,3.6468200325891926
2017-06-01,38.294998,0.91,0.93,3.645319287135416
2017-06-02,38.862499,0.91,0.87,3.660029749653125
2017-06-03,38.735832,0.91,0.86,3.6567650631354924
2017-06-04,38.609165,0.91,0.86,3.653489683520662
2017-06-05,38.482498,0.91,0.86,3.650203540530416
2017-06-06,38.612499,0.91,0.84,3.6535760323463506
2017-06-07,38.842499,0.91,0.86,3.6595149822390227
2017-06-08,38.747501,0.91,0.86,3.657066263397185
2017-06-09,37.244999,0.91,0.86,3.617517680778998
2017-06-10,36.948332666666666,0.91,0.86,3.609520522334593
2017-06-11,36.65166633333333,0.91,0.86,3.6014588934200717
2017-06-12,36.355,0.91,0.86,3.59333174610202
2017-06-13,36.647499,0.91,0.83,3.601345185895058
2017-06-14,36.290001,0.91,0.8,3.591542248780779
2017-06-15,36.072498,1.16,0.81,3.5855307467453748
2017-06-16,35.567501,1.16,0.84,3.5714323276587394
2017-06-17,35.906667,1.16,0.83,3.5809229885586156
2017-06-18,36.245833000000005,1.16,0.83,3.5903244229690903
2017-06-19,36.584999,1.16,0.83,3.5996382930023865
2017-06-20,36.252499,1.16,0.8,3.5905083168556082
2017-06-21,36.467499,1.16,0.8,3.596421425556554
2017-06-22,36.407501,1.16,0.81,3.5947748248414664
2017-06-23,36.57,1.16,0.81,3.59922823216129
2017-06-24,36.53166733333333,1.16,0.78,3.598179482616213
2017-06-25,36.49333466666667,1.16,0.78,3.597129632040722
2017-06-26,36.455002,1.16,0.78,3.596078678120551
2017-06-27,35.932499,1.16,0.83,3.5816421506132903
2017-06-28,36.4575,1.16,0.88,3.5961471986055833
2017-06-29,35.919998,1.16,0.89,3.58129418775471
2017-06-30,36.005001,1.06,0.93,3.58365784547475
2017-07-01,35.96166733333333,1.06,0.94,3.5824535748614967
2017-07-02,35.91833366666667,1.06,0.94,3.5812478522317375
2017-07-03,35.875,1.16,0.94,3.580040674079785
2017-07-04,35.948749500000005,1.16,0.94,3.5820942991392544
2017-07-05,36.022499,1.16,0.92,3.584143715464524
2017-07-06,35.682499,1.16,0.97,3.574660344496844
2017-07-07,36.044998,1.16,0.99,3.5847681023703424
2017-07-08,36.11833166666667,1.16,0.98,3.5868005388515662
2017-07-09,36.19166533333333,1.16,0.98,3.588828852911882
2017-07-10,36.264999,1.16,0.98,3.590853061240579
2017-07-11,36.3825,1.16,1.0,3.594087889805344
2017-07-12,36.435001,1.16,0.98,3.595529878568382
2017-07-13,36.942501,1.16,0.98,3.6093626768647455
2017-07-14,37.259998,1.16,0.98,3.617920311496576
2017-07-15,37.30333166666667,1.16,0.95,3.6190826434830656
2017-07-16,37.34666533333333,1.16,0.95,3.620243626022262
2017-07-17,37.389999,1.16,0.95,3.621403262243903
2017-07-18,37.52,1.16,0.91,3.624874124138024
2017-07-19,37.755001,1.16,0.9,3.6311179437419465
2017-07-20,37.584999,1.16,0.9,3.626605008023073
2017-07-21,37.567501,1.16,0.88,3.626139341536497
2017-07-22,37.719167,1.16,0.89,3.630168373746221
2017-07-23,37.870833000000005,1.16,0.89,3.6341812379749308
2017-07-24,38.022499,1.16,0.89,3.6381780634641694
2017-07-25,38.185001,1.16,0.93,3.642442794528641
2017-07-26,38.365002,1.16,0.93,3.6471456377604756
2017-07-27,37.639999,1.16,0.96,3.628067288149697
2017-07-28,37.375,1.16,0.96,3.6210020317108507
2017-07-29,37.310833,1.16,0.96,3.6192837134378686
2017-07-30,37.246666,1.16,0.96,3.6175624374641995
2017-07-31,37.182499,1.07,0.96,3.615838193590243
2017-08-01,37.512501,1.16,0.92,3.6246742374242658
2017-08-02,37.96528139370691,1.16,0.91,3.6366720945620514
2017-08-03,38.892502,1.16,0.9,3.6608014814029346
2017-08-04,39.0975,1.16,0.91,3.6660585263282335
2017-08-05,39.29916633333333,1.16,0.9,3.6712033057579374
2017-08-06,39.50083266666667,1.16,0.9,3.676321751853669
2017-08-07,39.702499,1.16,0.9,3.6814141328153336
2017-08-08,40.02,1.16,0.93,3.6893793291555874
2017-08-09,40.264999,1.16,0.91,3.695482580412043
2017-08-10,38.830002,1.16,0.87,3.6591931952501415
2017-08-11,39.369999,1.16,0.89,3.673004079555595
2017-08-12,39.5675,1.16,0.89,3.678008074225301
2017-08-13,39.765001,1.16,0.89,3.6829871535568413
2017-08-14,39.962502,1.16,0.89,3.6879415644328777
2017-08-15,40.400002,1.16,0.92,3.6988298344720536
2017-08-16,40.237499,1.16,0.9,3.6947993717724876
2017-08-17,39.465,1.16,0.87,3.675414203160366
2017-08-18,39.375,1.16,0.86,3.6731310971457973
2017-08-19,39.350834,1.16,0.86,3.6725171690479628
2017-08-20,39.326668,1.16,0.86,3.6719028638108706
2017-08-21,39.302502,1.16,0.86,3.671288180970879
2017-08-22,39.945,1.16,0.89,3.687503507934005
2017-08-23,39.994999,1.16,0.85,3.6887544212976593
2017-08-24,39.817501,1.16,0.86,3.684306539258384
2017-08-25,39.965,1.16,0.82,3.6880040710779824
2017-08-26,40.09916666666667,1.16,0.83,3.691355552716704
2017-08-27,40.23333333333333,1.16,0.83,3.694695839435376
2017-08-28,40.3675,1.16,0.83,3.6980250057736392
2017-08-29,40.727501,1.16,0.8,3.7069035645116215
2017-08-30,40.837502,1.16,0.82,3.7096008259017816
2017-08-31,41.0,1.07,0.79,3.713572066704308
2017-09-01,41.012501,1.16,0.81,3.7138769226700297
2017-09-02,40.88937575,1.16,0.81,3.7108702676911722
2017-09-03,40.7662505,1.16,0.81,3.7078545454692304
2017-09-04,40.64312525,1.16,0.81,3.704829701150123
2017-09-05,40.52,1.16,0.77,3.7017956793804827
2017-09-06,40.477501,1.16,0.8,3.7007462888838534
2017-09-07,40.314999,1.16,0.78,3.696723583332322
2017-09-08,39.657501,1.16,0.79,3.6802801105163843
2017-09-09,39.89666733333333,1.16,0.82,3.686292794927003
2017-09-10,40.13583366666667,1.16,0.82,3.692269542930457
2017-09-11,40.375,1.16,0.82,3.6982107815428207
2017-09-12,40.215,1.16,0.84,3.6942400603560324
2017-09-13,39.912498,1.16,0.85,3.6866895079312845
2017-09-14,39.57,1.16,0.83,3.678071255397333
2017-09-15,39.970001,1.16,0.81,3.688129197741996
2017-09-16,39.86916733333334,1.16,0.83,3.6856032766337523
2017-09-17,39.76833366666666,1.16,0.83,3.6830709590877566
2017-09-18,39.6675,1.16,0.83,3.6805322126261077
2017-09-19,39.682499,1.16,0.84,3.680910259264234
2017-09-20,39.017502,1.16,0.83,3.6640103146936207
2017-09-21,38.3475,1.16,0.82,3.6466893366401267
2017-09-22,37.9725,1.16,0.8,3.6368622135300366
2017-09-23,37.86083366666666,1.16,0.78,3.633917165260528
2017-09-24,37.74916733333333,1.16,0.78,3.630963418056622
2017-09-25,37.637501,1.16,0.78,3.6280009203770978
2017-09-26,38.285,1.16,0.79,3.6450581745650865
2017-09-27,38.557499,1.16,0.84,3.6521506076803405
2017-09-28,38.32,1.16,0.86,3.6459719531026598
2017-09-29,38.529999,1.06,0.86,3.6514371326842636
2017-09-30,38.504165666666665,1.06,0.85,3.6507664345748334
2017-10-01,38.47833233333333,1.06,0.85,3.650095286327526
2017-10-02,38.452499,1.16,0.85,3.6494236873377166
2017-10-03,38.619999,1.16,0.86,3.6537702511070487
2017-10-04,38.369999,1.16,0.86,3.647275878196833
2017-10-05,38.8475,1.16,0.86,3.659643724678752
2017-10-06,38.825001,1.16,0.83,3.6590643947913506
2017-10-07,38.87000033333334,1.16,0.83,3.660222753439726
2017-10-08,38.91499966666667,1.16,0.83,3.661379771845674
2017-10-09,38.959999,1.16,0.83,3.662535453106983
2017-10-10,38.974998,1.16,0.84,3.6629203636288934
2017-10-11,39.137501,1.16,0.84,3.667081112203466
2017-10-12,39.0,1.16,0.82,3.6635616461296463
2017-10-13,39.247501,1.16,0.77,3.669887773411665
2017-10-14,39.48833433333333,1.16,0.76,3.6760052949542654
2017-10-15,39.72916766666667,1.16,0.76,3.682085619862953
2017-10-16,39.970001,1.16,0.76,3.688129197741996
2017-10-17,40.1175,1.16,0.76,3.691812648091378
2017-10-18,39.939999,1.16,0.75,3.6873783029501124
2017-10-19,38.994999,1.16,0.75,3.6634334071381476
2017-10-20,39.0625,1.16,0.79,3.6651629274966204
2017-10-21,39.05583333333333,1.16,0.8,3.664992246264741
2017-10-22,39.049166666666665,1.16,0.8,3.6648215358958054
2017-10-23,39.0425,1.16,0.8,3.664650796379864
2017-10-24,39.275002,1.16,0.82,3.6705882350646624
2017-10-25,39.102501,1.16,0.83,3.6661864291400716
2017-10-26,39.352501,1.16,0.83,3.672559530658185
2017-10-27,40.654211347096,1.16,0.83,3.7051024308022553
2017-10-28,41.068334,1.16,0.79,3.7152373622564765
2017-10-29,41.374167,1.16,0.79,3.7226567005640434
2017-10-30,41.68,1.16,0.79,3.7300213974451113
2017-10-31,42.259998,1.07,0.78,3.7438409648618327
2017-11-01,41.7225,1.16,0.76,3.731040551635421
2017-11-02,42.0275,1.16,0.74,3.7383241659250768
2017-11-03,43.125,1.16,0.71,3.764102875351524
2017-11-04,43.270833333333336,1.16,0.71,3.7674788129682213
2017-11-05,43.41666666666666,1.16,0.71,3.7708433919653666
2017-11-06,43.5625,1.16,0.71,3.7741966885207425
2017-11-07,43.702499,1.16,0.69,3.7774052858212155
2017-11-08,44.060001,1.16,0.67,3.78555236407052
2017-11-09,43.970001,1.16,0.7,3.783507605935498
2017-11-10,43.6675,1.16,0.73,3.7766041183204107
2017-11-11,43.60916666666667,1.16,0.7,3.775267372904998
2017-11-12,43.55083333333333,1.16,0.7,3.7739288382092
2017-11-13,43.4925,1.16,0.7,3.7725885094365683
2017-11-14,42.834999,1.16,0.7,3.7573555020706118
2017-11-15,42.27,1.16,0.65,3.7440776145786985
2017-11-16,42.775002,1.16,0.65,3.755953866534539
2017-11-17,42.537498,1.16,0.62,3.750385992809685
2017-11-18,42.52333166666666,1.16,0.6,3.75005290568792
2017-11-19,42.509165333333335,1.16,0.6,3.7497197075821562
2017-11-20,42.494999,1.16,0.6,3.749386398418409
2017-11-21,43.285,1.16,0.59,3.767806154667737
2017-11-22,43.740002,1.16,0.58,3.778263060973358
2017-11-23,43.741251,1.16,0.58,3.7782916156626714
2017-11-24,43.7425,1.16,0.59,3.778320169536638
2017-11-25,43.66916633333334,1.16,0.58,3.77664227716946
2017-11-26,43.59583266666667,1.16,0.58,3.7749615647470747
2017-11-27,43.522499,1.16,0.58,3.7732780227741145
2017-11-28,43.267502,1.16,0.59,3.767401822041087
2017-11-29,42.369999,1.16,0.59,3.7464405410368626
2017-11-30,42.962502,1.07,0.64,3.760327688728177
2017-12-01,42.762501,1.16,0.59,3.755661573688698
2017-12-02,42.658334333333336,1.16,0.57,3.7532226671176154
2017-12-03,42.554167666666665,1.16,0.57,3.750777797735569
2017-12-04,42.450001,1.16,0.57,3.748326936314482
2017-12-05,42.41,1.16,0.53,3.747384183486499
2017-12-06,42.252499,1.16,0.55,3.743663499983007
2017-12-07,42.330002,1.16,0.57,3.745496101780646
2017-12-08,42.342499,1.16,0.58,3.7457912861662055
2017-12-09,42.61749933333333,1.16,0.57,3.7522649513999164
2017-12-10,42.892499666666666,1.16,0.57,3.7586969777040773
2017-12-11,43.1675,1.16,0.57,3.7650878973044484
2017-12-12,42.924999,1.17,0.57,3.7594543834870917
2017-12-13,43.067501,1.17,0.57,3.762768675557752
2017-12-14,43.055,1.41,0.53,3.7624783681481286
2017-12-15,43.4925,1.41,0.51,3.7725885094365683
2017-12-16,43.696666666666665,1.41,0.55,3.7772718215416083
2017-12-17,43.90083333333333,1.41,0.55,3.7819333024370265
2017-12-18,44.105,1.42,0.55,3.78657315471073
2017-12-19,43.634998,1.42,0.59,3.775859534780508
2017-12-20,43.587502,1.42,0.62,3.774770457886483
2017-12-21,43.752499,1.42,0.59,3.7785487311723385
2017-12-22,43.752499,1.42,0.57,3.7785487311723385
2017-12-23,43.47499975,1.42,0.57,3.7721860544899153
2017-12-24,43.1975005,1.42,0.57,3.7657826347798835
2017-12-25,42.92000125,1.42,0.57,3.7593379468864487
2017-12-26,42.642502,1.42,0.55,3.752851455434455
2017-12-27,42.650002,1.42,0.53,3.7530273208310048
2017-12-28,42.77,1.42,0.52,3.7558369222388173
2017-12-29,42.307499,1.33,0.51,3.7449643516636324
2017-12-30,42.496874,1.33,0.51,3.7494305202840446
2017-12-31,42.686249,1.33,0.51,3.753876830898651
2018-01-01,42.875624,1.33,0.51,3.7583034593160565
2018-01-02,43.064999,1.42,0.54,3.762710579020424
2018-01-03,43.057499,1.42,0.5,3.762536408503007
2018-01-04,43.2575,1.42,0.5,3.7671706287486666
2018-01-05,43.75,1.42,0.51,3.7784916128036232
2018-01-06,43.695834,1.42,0.53,3.7772527657493984
2018-01-07,43.641668,1.42,0.53,3.776012382049284
2018-01-08,43.587502,1.42,0.53,3.774770457886483
2018-01-09,43.5825,1.42,0.57,3.7746556936352333
2018-01-10,43.572498,1.42,0.57,3.774426171513188
2018-01-11,43.82,1.42,0.56,3.7800903341673204
2018-01-12,44.272499,1.42,0.56,3.7903636942134318
2018-01-13,44.2162495,1.42,0.56,3.789092357268796
2018-01-14,44.16,1.42,0.56,3.78781940196884
2018-01-15,44.1037505,1.42,0.56,3.786544824188123
2018-01-16,44.047501,1.42,0.51,3.785268619785411
2018-01-17,44.775002,1.42,0.52,3.801649992614558
2018-01-18,44.814999,1.42,0.57,3.8025428824953673
2018-01-19,44.615002,1.42,0.58,3.7980701701800865
2018-01-20,44.49333466666666,1.42,0.58,3.7953393951820993
2018-01-21,44.371667333333335,1.42,0.58,3.7926011426278396
2018-01-22,44.25,1.42,0.58,3.7898553714539385
2018-01-23,44.259998,1.42,0.57,3.7900812894353746
2018-01-24,43.555,1.42,0.57,3.7740245072708554
2018-01-25,42.7775,1.42,0.55,3.7560122634239885
2018-01-26,42.877499,1.42,0.53,3.7583471895018437
2018-01-27,42.58166666666666,1.42,0.59,3.7514238007065073
2018-01-28,42.28583433333333,1.42,0.59,3.744452144228681
2018-01-29,41.990002,1.42,0.59,3.737431542326489
2018-01-30,41.7425,1.42,0.6,3.7315197944409753
2018-01-31,41.857498,1.34,0.58,3.734270944567398
2018-02-01,41.945,1.42,0.62,3.736359236298258
2018-02-02,40.125,1.42,0.69,3.69199958145018
2018-02-03,39.79083366666666,1.42,0.69,3.6836365758822507
2018-02-04,39.456667333333336,1.42,0.69,3.6752030401938653
2018-02-05,39.122501,1.42,0.69,3.6666977746159284
2018-02-06,40.7575,1.42,0.69,3.7076398718316725
2018-02-07,39.884998,1.42,0.69,3.686000263218927
2018-02-08,38.787498,1.42,0.72,3.6580979782114937
2018-02-09,39.102501,1.42,0.78,3.6661864291400716
2018-02-10,39.62750133333333,1.42,0.77,3.679523355336578
2018-02-11,40.152501666666666,1.42,0.77,3.69268474646333
2018-02-12,40.677502,1.42,0.77,3.7056751631985656
2018-02-13,41.084999,1.42,0.73,3.7156430670433678
2018-02-14,41.842499,1.42,0.74,3.73391254550651
2018-02-15,43.247501,1.42,0.71,3.766939451361719
2018-02-16,43.107498,1.42,0.66,3.76369694949651
2018-02-17,43.071249,1.42,0.66,3.762855697949007
2018-02-18,43.035,1.42,0.66,3.762013738101438
2018-02-19,42.998751,1.42,0.66,3.7611710687600763
2018-02-20,42.962502,1.42,0.63,3.760327688728177
2018-02-21,42.767502,1.42,0.68,3.755778515108791
2018-02-22,43.125,1.42,0.67,3.764102875351524
2018-02-23,43.875,1.42,0.63,3.7813446817860297
2018-02-24,44.16416666666667,1.42,0.64,3.7879137513825283
2018-02-25,44.45333333333333,1.42,0.64,3.794439949774429
2018-02-26,44.7425,1.42,0.64,3.8009238329094264
2018-02-27,44.5975,1.42,0.63,3.7976778036432854
2018-02-28,44.529999,1.35,0.62,3.79616309687684
2018-03-01,43.75,1.42,0.59,3.7784916128036232
2018-03-02,44.052502,1.42,0.61,3.785382149861122
2018-03-03,44.10333533333333,1.42,0.64,3.786535410734255
2018-03-04,44.15416866666666,1.42,0.64,3.787687343128682
2018-03-05,44.205002,1.42,0.64,3.7888379501015175
2018-03-06,44.1675,1.42,0.63,3.7879892245046984
2018-03-07,43.7575,1.42,0.64,3.7786630266828536
2018-03-08,44.235001,1.42,0.61,3.7895163535418823
2018-03-09,44.994999,1.42,0.63,3.80655135026122
2018-03-10,45.139999333333336,1.42,0.6,3.8097687566205223
2018-03-11,45.28499966666666,1.42,0.6,3.8129758444661226
2018-03-12,45.43,1.42,0.6,3.816172679771312
2018-03-13,44.9925,1.42,0.58,3.806495809213221
2018-03-14,44.610001,1.42,0.55,3.7979580715566716
2018-03-15,44.662498,1.43,0.53,3.7991341785692305
2018-03-16,44.505001,1.43,0.54,3.79560156488028
2018-03-17,44.27833433333333,1.43,0.54,3.7904954904511885
2018-03-18,44.05166766666667,1.43,0.54,3.7853632101597094
2018-03-19,43.825001,1.43,0.54,3.7802044536253243
2018-03-20,43.810001,1.44,0.55,3.7798621246516455
2018-03-21,42.817501,1.44,0.58,3.756946920879323
2018-03-22,42.212502,1.68,0.54,3.7427164330910156
2018-03-23,41.235001,1.68,0.54,3.7192874345365614
2018-03-24,41.887501,1.68,0.52,3.734987476936899
2018-03-25,42.540001,1.68,0.52,3.750444833279378
2018-03-26,43.192501,1.68,0.52,3.7656668922189676
2018-03-27,42.084999,1.68,0.52,3.739691358902104
2018-03-28,41.619999,1.68,0.49,3.728580796938578
2018-03-29,41.945,1.68,0.47,3.736359236298258
2018-03-30,41.8762495,1.67,0.47,3.734718828506032
2018-03-31,41.807499,1.67,0.48,3.7330757253539875
2018-04-01,41.7387485,1.67,0.48,3.7314299179700328
2018-04-02,41.669998,1.68,0.48,3.7297813974382006
2018-04-03,42.0975,1.69,0.51,3.739988356502327
2018-04-04,42.9025,1.69,0.51,3.758930099294321
2018-04-05,43.200001,1.69,0.53,3.7658405183982127
2018-04-06,42.095001,1.69,0.5,3.7399289925454178
2018-04-07,42.23416766666667,1.69,0.49,3.7432295537913953
2018-04-08,42.37333433333333,1.69,0.49,3.7465192571600987
2018-04-09,42.512501,1.69,0.49,3.749798173855807
2018-04-10,43.3125,1.69,0.48,3.768441276950122
2018-04-11,43.110001,1.69,0.47,3.763755011955517
2018-04-12,43.535,1.69,0.49,3.773565212280579
2018-04-13,43.682499,1.69,0.45,3.7769475413385933
2018-04-14,43.77333333333333,1.69,0.44,3.779024803965282
2018-04-15,43.86416766666667,1.69,0.44,3.781097760515258
2018-04-16,43.955002,1.69,0.44,3.7831664288042215
2018-04-17,44.560001,1.69,0.41,3.79683661806068
2018-04-18,44.459999,1.69,0.45,3.7945898860439224
2018-04-19,43.200001,1.69,0.48,3.7658405183982127
2018-04-20,41.43,1.7,0.5,3.7240052560893107
2018-04-21,41.39000033333333,1.7,0.49,3.723039313814116
2018-04-22,41.350000666666666,1.7,0.49,3.7220724375922316
2018-04-23,41.310001,1.7,0.49,3.7211046256158866
2018-04-24,40.735001,1.7,0.52,3.7070876983115184
2018-04-25,40.912498,1.7,0.54,3.7114355909424823
2018-04-26,41.055,1.7,0.51,3.714912631160752
2018-04-27,40.580002,1.7,0.47,3.70327538368303
2018-04-28,40.825001,1.7,0.46,3.7092946633513235
2018-04-29,41.07,1.7,0.46,3.7152779279684673
2018-04-30,41.314999,1.69,0.46,3.721225605948863
2018-05-01,42.275002,1.7,0.47,3.7441959420939273
2018-05-02,44.142502,1.7,0.48,3.787423082502625
2018-05-03,44.2225,1.7,0.45,3.7892337093355253
2018-05-04,45.9575,1.7,0.44,3.82771705637489
2018-05-05,46.06833366666667,1.7,0.46,3.8301258086967
2018-05-06,46.17916733333333,1.7,0.46,3.832528772870186
2018-05-07,46.290001,1.7,0.46,3.834925976646117
2018-05-08,46.512501,1.7,0.46,3.8397211151723374
2018-05-09,46.84,1.7,0.46,3.8467375387295166
2018-05-10,47.509998,1.7,0.43,3.860940173102428
2018-05-11,47.147499,1.7,0.43,3.853280964194351
2018-05-12,47.110832,1.7,0.45,3.8525029533498865
2018-05-13,47.074165,1.7,0.45,3.8517243367332203
2018-05-14,47.037498,1.7,0.45,3.850945113400288
2018-05-15,46.610001,1.7,0.5,3.841815131839273
2018-05-16,47.044998,1.7,0.51,3.85110454794624
2018-05-17,46.747501,1.7,0.54,3.8447607997604965
2018-05-18,46.577499,1.7,0.51,3.841117570442778
2018-05-19,46.68749966666667,1.7,0.48,3.843476455753366
2018-05-20,46.79750033333334,1.7,0.48,3.845829789816235
2018-05-21,46.907501,1.7,0.48,3.8481775986979447
2018-05-22,46.790001,1.7,0.47,3.8456695262502127
2018-05-23,47.09,1.7,0.48,3.8520606642554633
2018-05-24,47.037498,1.7,0.48,3.850945113400288
2018-05-25,47.145,1.7,0.45,3.853227958917641
2018-05-26,47.1024995,1.7,0.45,3.8523260675548707
2018-05-27,47.059999000000005,1.7,0.45,3.8514233620497476
2018-05-28,47.0174985,1.7,0.45,3.850519840931081
2018-05-29,46.974998,1.7,0.45,3.84961550272369
2018-05-30,46.875,1.7,0.42,3.847484484290575
2018-05-31,46.717499,1.7,0.43,3.844118805409018
2018-06-01,47.560001,1.7,0.42,3.861992092848653
2018-06-02,47.69250066666667,1.7,0.42,3.8647741668059736
2018-06-03,47.825000333333335,1.7,0.42,3.867548522296172
2018-06-04,47.9575,1.7,0.42,3.870315202028356
2018-06-05,48.327499,1.7,0.43,3.878000736121557
2018-06-06,48.494999,1.7,0.45,3.881460679224823
2018-06-07,48.365002,1.7,0.43,3.878776452986727
2018-06-08,47.924999,1.7,0.43,3.869637268065772
2018-06-09,47.88583233333333,1.7,0.44,3.8688196847444845
2018-06-10,47.84666566666667,1.7,0.44,3.868001432433718
2018-06-11,47.807499,1.7,0.44,3.867182510037772
2018-06-12,48.07,1.7,0.42,3.8726582819058692
2018-06-13,47.674999,1.7,0.39,3.8644071305111285
2018-06-14,47.700001,1.9,0.35,3.864931418858656
2018-06-15,47.209999,1.9,0.38,3.8546057133762424
2018-06-16,47.201666333333336,1.9,0.36,3.854429195640666
2018-06-17,47.19333366666667,1.9,0.36,3.854252646741078
2018-06-18,47.185001,1.9,0.36,3.854076066666472
2018-06-19,46.422501,1.91,0.35,3.837784277033892
2018-06-20,46.625,1.92,0.37,3.8421368779639797
2018-06-21,46.365002,1.92,0.34,3.8365449073881743
2018-06-22,46.23,1.92,0.34,3.833628938000134
2018-06-23,46.00083333333333,1.92,0.33,3.8286595122670324
2018-06-24,45.77166666666666,1.92,0.33,3.8236652679564056
2018-06-25,45.5425,1.92,0.33,3.8186459559228467
2018-06-26,46.107498,1.92,0.35,3.830975583197932
2018-06-27,46.040001,1.91,0.31,3.8295106055739248
2018-06-28,46.375,1.91,0.32,3.8367605209275992
2018-06-29,46.2775,1.91,0.33,3.8346558818517034
2018-06-30,46.44999933333334,1.91,0.3,3.8383764509074974
2018-07-01,46.622498666666665,1.91,0.3,3.842083228624969
2018-07-02,46.794998,1.91,0.3,3.84577631686961
2018-07-03,45.98,1.91,0.3,3.8282065193350356
2018-07-04,46.164999,1.91,0.3,3.832221913563159
2018-07-05,46.349998,1.91,0.29,3.836221248861917
2018-07-06,46.9925,1.91,0.29,3.8499880145086136
2018-07-07,47.21,1.91,0.29,3.8546057345581954
2018-07-08,47.4275,1.91,0.29,3.8592022292445636
2018-07-09,47.645,1.91,0.29,3.8637776928001517
2018-07-10,47.587502,1.91,0.28,3.8625701637364585
2018-07-11,46.970001,1.91,0.27,3.849509121329089
2018-07-12,47.7575,1.91,0.25,3.8661361226556696
2018-07-13,47.8325,1.91,0.24,3.867705324777021
2018-07-14,47.79750033333333,1.91,0.26,3.8669733438482874
2018-07-15,47.76250066666667,1.91,0.26,3.86624082673097
2018-07-16,47.727501,1.91,0.26,3.865507772638958
2018-07-17,47.862499,1.91,0.24,3.868332295910229
2018-07-18,47.599998,1.91,0.28,3.8628327192205667
2018-07-19,47.970001,1.91,0.24,3.870575836360335
2018-07-20,47.860001,1.91,0.29,3.868280103374502
2018-07-21,47.87416733333333,1.91,0.32,3.8685760548343278
2018-07-22,47.88833366666667,1.91,0.32,3.8688719187328005
2018-07-23,47.9025,1.91,0.32,3.869167695121717
2018-07-24,48.25,1.91,0.32,3.876395827784995
2018-07-25,48.705002,1.91,0.28,3.885781735286464
2018-07-26,48.552502,1.91,0.29,3.882645727909992
2018-07-27,47.744999,1.91,0.29,3.865874328457564
2018-07-28,47.655833,1.91,0.32,3.8640050360395684
2018-07-29,47.566667,1.91,0.32,3.8621322428223896
2018-07-30,47.477501,1.91,0.32,3.8602559356688713
2018-07-31,47.572498,1.91,0.29,3.862254821152929
2018-08-01,48.86506972532757,1.91,0.33,3.889062820686897
2018-08-02,51.8475,1.91,0.32,3.9483067175053925
2018-08-03,51.997501,1.91,0.32,3.951195659734312
2018-08-04,52.087501333333336,1.91,0.3,3.9529250223465238
2018-08-05,52.17750166666666,1.91,0.3,3.954651399426017
2018-08-06,52.267502,1.91,0.3,3.9563748012633417
2018-08-07,51.7775,1.91,0.3,3.946955691968169
2018-08-08,51.8125,1.91,0.28,3.9476314328955135
2018-08-09,52.220001,1.91,0.29,3.9554655824207337
2018-08-10,51.8825,1.91,0.26,3.948981546413678
2018-08-11,51.99416633333333,1.91,0.27,3.9511315263906828
2018-08-12,52.10583266666666,1.91,0.27,3.9532768938687934
2018-08-13,52.217499,1.91,0.27,3.955417668596667
2018-08-14,52.4375,1.91,0.26,3.9596219842274247
2018-08-15,52.560001,1.91,0.25,3.96195539320223
2018-08-16,53.330002,1.92,0.24,3.976499062114854
2018-08-17,54.395,1.92,0.26,3.996272237873046
2018-08-18,54.218334,1.92,0.22,3.99301911692932
2018-08-19,54.041668,1.92,0.22,3.989755378640819
2018-08-20,53.865002,1.92,0.22,3.9864809534760166
2018-08-21,53.759998,1.92,0.24,3.9845296590125123
2018-08-22,53.762501,1.92,0.22,3.98457621671018
2018-08-23,53.872501,1.92,0.21,3.9866201621972754
2018-08-24,54.040001,1.92,0.19,3.989724531596809
2018-08-25,54.18833433333333,1.92,0.18,3.992465651577166
2018-08-26,54.33666766666666,1.92,0.18,3.9951992783538675
2018-08-27,54.485001,1.92,0.18,3.9979254527825248
2018-08-28,54.924999,1.92,0.21,4.005968600064028
2018-08-29,55.744999,1.92,0.22,4.020787702280706
2018-08-30,56.2575,1.92,0.22,4.029939365529764
2018-08-31,56.907501,1.91,0.24,4.041427160211783
2018-09-01,56.953125750000005,1.91,0.24,4.042228574251811
2018-09-02,56.9987505,1.91,0.24,4.0430293465416485
2018-09-03,57.04437525,1.91,0.24,4.0438294781082655
2018-09-04,57.09,1.92,0.24,4.044628969976168
2018-09-05,56.717499,1.92,0.24,4.038082787457636
2018-09-06,55.775002,1.92,0.24,4.021325776176955
2018-09-07,55.325001,1.92,0.23,4.013224904012125
2018-09-08,55.077500666666666,1.92,0.21,4.008741296408739
2018-09-09,54.83000033333334,1.92,0.21,4.004237495495354
2018-09-10,54.5825,1.92,0.21,3.9997133185551346
2018-09-11,55.962502,1.92,0.22,4.024681859305301
2018-09-12,55.267502,1.92,0.23,4.012185068514759
2018-09-13,56.602501,1.92,0.21,4.0360531715120604
2018-09-14,55.959999,1.92,0.21,4.024637131927373
2018-09-15,55.463333000000006,1.92,0.21,4.015722135749329
2018-09-16,54.966667,1.92,0.21,4.006726946961725
2018-09-17,54.470001,1.92,0.21,3.9976501097543125
2018-09-18,54.560001,1.92,0.24,3.999301031863652
2018-09-19,54.592499,1.92,0.27,3.999896492360851
2018-09-20,55.0075,1.92,0.26,4.007469539572159
2018-09-21,54.415001,1.92,0.26,3.9966398695253105
2018-09-22,54.67583333333333,1.92,0.25,4.001421808025707
2018-09-23,54.93666566666667,1.92,0.25,4.0061809883752
2018-09-24,55.197498,1.93,0.25,4.010917626168835
2018-09-25,55.547501,1.93,0.27,4.017238528575066
2018-09-26,55.105,1.93,0.23,4.009240456143505
2018-09-27,56.237499,2.18,0.23,4.029583776385561
2018-09-28,56.435001,2.18,0.24,4.03308955112709
2018-09-29,56.561667,2.18,0.27,4.035331494279878
2018-09-30,56.688333,2.18,0.27,4.0375684223649655
2018-10-01,56.814999,2.18,0.27,4.0398003577689865
2018-10-02,57.32,2.18,0.23,4.048649602959971
2018-10-03,58.017502,2.18,0.3,4.060744723647134
2018-10-04,56.997501,2.18,0.32,4.043007424768194
2018-10-05,56.072498,2.18,0.35,4.026645460596735
2018-10-06,56.02916566666667,2.18,0.35,4.025872370634032
2018-10-07,55.98583333333333,2.18,0.35,4.025098682540799
2018-10-08,55.942501,2.18,0.35,4.024324395390788
2018-10-09,56.717499,2.18,0.33,4.038082787457636
2018-10-10,54.09,2.18,0.34,3.9906493258833358
2018-10-11,53.612499,2.18,0.29,3.9817822311906323
2018-10-12,55.5275,2.18,0.3,4.016878393530527
2018-10-13,55.13166666666667,2.18,0.31,4.009724263718483
2018-10-14,54.73583333333334,2.18,0.31,4.002518583311973
2018-10-15,54.34,2.18,0.31,3.9952606039982017
2018-10-16,55.537498,2.18,0.29,4.017058432250322
2018-10-17,55.297501,2.19,0.3,4.012727717633778
2018-10-18,54.005001,2.19,0.3,3.9890766533872415
2018-10-19,54.827499,2.19,0.28,4.004191874660501
2018-10-20,54.939165333333335,2.19,0.28,4.006226488220696
2018-10-21,55.05083166666667,2.19,0.28,4.0082569705326225
2018-10-22,55.162498,2.19,0.28,4.01028333833915
2018-10-23,55.682499,2.2,0.28,4.019665896484539
2018-10-24,53.772499,2.2,0.26,3.9847621654715843
2018-10-25,54.950001,2.2,0.28,4.006423699047993
2018-10-26,54.075001,2.2,0.27,3.990371990331956
2018-10-27,53.73666766666667,2.2,0.27,3.984095592829065
2018-10-28,53.39833433333333,2.2,0.27,3.977779553219985
2018-10-29,53.060001,2.2,0.27,3.971423367556182
2018-10-30,53.325001,2.2,0.28,3.9764052831103442
2018-10-31,54.715,2.2,0.28,4.0021378948704065
2018-11-01,55.555,2.2,0.3,4.017373521035972
2018-11-02,51.869999,2.19,0.31,3.948740569084342
2018-11-03,51.379165666666665,2.19,0.29,3.939232753065397
2018-11-04,50.88833233333334,2.19,0.29,3.929633670036937
2018-11-05,50.397499,2.2,0.29,3.9199415508301874
2018-11-06,50.942501,2.2,0.29,3.9306975653229292
2018-11-07,52.487499,2.2,0.26,3.960575026958156
2018-11-08,52.122501,2.2,0.26,3.9535967365236466
2018-11-09,51.1175,2.19,0.25,3.934126904335072
2018-11-10,50.259166666666665,2.19,0.25,3.9171929515296537
2018-11-11,49.40083333333333,2.19,0.25,3.899967293147412
2018-11-12,48.5425,2.19,0.25,3.882439702886472
2018-11-13,48.057499,2.2,0.25,3.8723981898364714
2018-11-14,46.700001,2.2,0.26,3.8437441860881276
2018-11-15,47.852501,2.2,0.25,3.8681233840356772
2018-11-16,48.3825,2.2,0.27,3.8791381780923695
2018-11-17,47.74333333333333,2.2,0.27,3.865839441123664
2018-11-18,47.10416666666667,2.2,0.27,3.852361461370079
2018-11-19,46.465,2.2,0.27,3.8386993410093027
2018-11-20,44.244999,2.2,0.27,3.7897423481178896
2018-11-21,44.195,2.2,0.25,3.7886116605129114
2018-11-22,43.633749,2.2,0.25,3.775830910558366
2018-11-23,43.072498,2.2,0.24,3.762884695991084
2018-11-24,43.266665,2.2,0.23,3.767382477081078
2018-11-25,43.460832,2.2,0.23,3.771860118685536
2018-11-26,43.654999,2.2,0.23,3.776317800355887
2018-11-27,43.560001,2.2,0.23,3.7741393210216008
2018-11-28,45.235001,2.2,0.25,3.8118711455844805
2018-11-29,44.887501,2.2,0.22,3.804159381830118
2018-11-30,44.645,2.2,0.21,3.79874231896918
2018-12-01,45.16500066666667,2.2,0.15,3.810322465362499
2018-12-02,45.68500133333333,2.2,0.15,3.821770045635947
2018-12-03,46.205002,2.19,0.15,3.8330880606253617
2018-12-04,44.172501,2.2,0.11,3.788102446147187
2018-12-05,43.9262505,2.2,0.11,3.7825121026491453
2018-12-06,43.68,2.2,0.12,3.7768903314366495
2018-12-07,42.122501,2.19,0.13,3.740582063470684
2018-12-08,42.21500133333333,2.19,0.13,3.7427756397058127
2018-12-09,42.30750166666667,2.19,0.13,3.7449644146942216
2018-12-10,42.400002,2.2,0.13,3.747148409407722
2018-12-11,42.157501,2.19,0.11,3.741412628282774
2018-12-12,42.275002,2.19,0.14,3.7441959420939273
2018-12-13,42.737499,2.19,0.16,3.755076731566765
2018-12-14,41.369999,2.19,0.16,3.7225559563012145
2018-12-15,41.241666333333335,2.19,0.16,3.719449064087399
2018-12-16,41.11333366666666,2.19,0.16,3.7163324890029066
2018-12-17,40.985001,2.2,0.16,3.713206170504164
2018-12-18,41.517502,2.2,0.17,3.7261150732712274
2018-12-19,40.2225,2.2,0.14,3.694426540543053
2018-12-20,39.2075,2.4,0.12,3.6688680550264428
2018-12-21,37.682499,2.4,0.16,3.6291957691650296
2018-12-22,37.35749933333334,2.4,0.19,3.62053367678782
2018-12-23,37.032499666666666,2.4,0.19,3.6117958964729673
2018-12-24,36.7075,2.4,0.19,3.6029810938549556
2018-12-25,38.0,2.4,0.19,3.6375861597263857
2018-12-26,39.2925,2.4,0.2,3.671033660968347
2018-12-27,39.037498,2.4,0.21,3.6645226713764067
2018-12-28,39.057499,2.4,0.2,3.6650348937006436
2018-12-29,39.183333,2.4,0.21,3.6682514778109505
2018-12-30,39.309167,2.4,0.21,3.6714577486724873
2018-12-31,39.435001,2.4,0.21,3.674653772208138
2019-01-01,39.4575005,2.4,0.21,3.675224155962797
2019-01-02,39.48,2.4,0.16,3.675794214565281
2019-01-03,38.9216864499165,2.4,0.17,3.661551587569079
2019-01-04,37.064999,2.4,0.17,3.6126731011290523
2019-01-05,37.03749866666666,2.4,0.17,3.6119308769001326
2019-01-06,37.009998333333336,2.4,0.17,3.61118810136519
2019-01-07,36.982498,2.4,0.17,3.61044477370462
2019-01-08,37.6875,2.4,0.15,3.629328474487404
2019-01-09,38.327499,2.4,0.18,3.646167628111545
2019-01-10,38.450001,2.4,0.18,3.649358721959455
2019-01-11,38.072498,2.4,0.16,3.639492184212353
2019-01-12,37.88166533333334,2.4,0.18,3.6344672307446872
2019-01-13,37.690832666666665,2.4,0.18,3.6294168995440734
2019-01-14,37.5,2.4,0.18,3.624340932976365
2019-01-15,38.267502,2.4,0.19,3.644601024247394
2019-01-16,38.735001,2.4,0.18,3.6567436099003103
2019-01-17,38.965,2.4,0.19,3.6626638072955244
2019-01-18,39.205002,2.4,0.17,3.668804340696785
2019-01-19,38.98500175,2.4,0.17,3.6631770016506224
2019-01-20,38.7650015,2.4,0.17,3.6575178163656203
2019-01-21,38.54500125,2.4,0.17,3.6518264223408528
2019-01-22,38.325001,2.4,0.16,3.646102450850506
2019-01-23,38.48,2.4,0.18,3.6501386257975055
2019-01-24,38.174999,2.4,0.16,3.6421808249095418
2019-01-25,39.439999,2.4,0.16,3.6747805043794646
2019-01-26,39.318333,2.4,0.15,3.6716908986528765
2019-01-27,39.196667,2.4,0.15,3.668591717671339
2019-01-28,39.075001,2.4,0.15,3.6654829018993507
2019-01-29,38.669998,2.4,0.16,3.655064053899525
2019-01-30,41.3125,2.4,0.18,3.721165117611905
2019-01-31,41.610001,2.4,0.18,3.728340547027534
2019-02-01,41.630001,2.4,0.18,3.7288210852280224
2019-02-02,42.02416733333333,2.4,0.2,3.738244865495373
2019-02-03,42.41833366666667,2.4,0.2,3.7475806665796654
2019-02-04,42.8125,2.4,0.2,3.756830116022444
2019-02-05,43.544998,2.4,0.18,3.7737948402152037
2019-02-06,43.560001,2.4,0.18,3.7741393210216008
2019-02-07,42.735001,2.4,0.17,3.7550182800180045
2019-02-08,42.602501,2.4,0.18,3.7519129604722115
2019-02-09,42.52083333333333,2.4,0.17,3.7499941519019537
2019-02-10,42.43916566666667,2.4,0.17,3.748071654425929
2019-02-11,42.357498,2.4,0.17,3.7461454538329835
2019-02-12,42.7225,2.4,0.18,3.7547257135389267
2019-02-13,42.544998,2.4,0.18,3.75056229229247
2019-02-14,42.700001,2.4,0.16,3.7541989436537824
2019-02-15,42.605,2.4,0.14,3.7519716172799193
2019-02-16,42.6368745,2.4,0.14,3.7527194774524593
2019-02-17,42.668749,2.4,0.14,3.7534667787480975
2019-02-18,42.7006235,2.4,0.14,3.7542135220015087
2019-02-19,42.732498,2.4,0.15,3.7549597080455004
2019-02-20,43.0075,2.4,0.15,3.761374519089057
2019-02-21,42.764999,2.4,0.16,3.7557199876491367
2019-02-22,43.2425,2.4,0.17,3.7668238079359413
2019-02-23,43.34749966666666,2.4,0.16,3.7692490237468967
2019-02-24,43.452499333333336,2.4,0.16,3.771668372113074
2019-02-25,43.557499,2.4,0.16,3.7740818813567643
2019-02-26,43.5825,2.4,0.16,3.7746556936352333
2019-02-27,43.717499,2.4,0.19,3.7777484567315422
2019-02-28,43.287498,2.4,0.21,3.767863863525825
2019-03-01,43.7425,2.4,0.21,3.778320169536638
2019-03-02,43.815834,2.4,0.17,3.7799952589038583
2019-03-03,43.889168,2.4,0.17,3.7816675470383516
2019-03-04,43.962502,2.4,0.17,3.783337043293418
2019-03-05,43.8825,2.4,0.17,3.781515607348364
2019-03-06,43.630001,2.4,0.17,3.775745010055527
2019-03-07,43.125,2.4,0.17,3.764102875351524
2019-03-08,43.227501,2.4,0.17,3.766476889930229
2019-03-09,43.72666666666667,2.4,0.17,3.7779581371974795
2019-03-10,44.22583233333333,2.4,0.17,3.7893090602945994
2019-03-11,44.724998,2.4,0.17,3.8005325846770623
2019-03-12,45.227501,2.4,0.16,3.8117053310237203
2019-03-13,45.427502,2.4,0.16,3.8161176925672695
2019-03-14,45.932499,2.4,0.17,3.8271729057406754
2019-03-15,46.529999,2.4,0.16,3.840097244365046
2019-03-16,46.688333,2.4,0.15,3.843494304768675
2019-03-17,46.846667,2.4,0.15,3.846879864211354
2019-03-18,47.005001,2.4,0.15,3.8502540003048464
2019-03-19,46.6325,2.4,0.15,3.8422977229365807
2019-03-20,47.040001,2.41,0.14,3.8509983248488746
2019-03-21,48.772499,2.41,0.13,3.887166608925922
2019-03-22,47.762501,2.41,0.13,3.8662408337099454
2019-03-23,47.570001,2.41,0.17,3.8622023314658422
2019-03-24,47.377501,2.41,0.17,3.8581474535658935
2019-03-25,47.185001,2.4,0.17,3.854076066666472
2019-03-26,46.697498,2.4,0.17,3.843690587222475
2019-03-27,47.1175,2.41,0.17,3.8526444819086456
2019-03-28,47.18,2.41,0.16,3.853970073979529
2019-03-29,47.487499,2.43,0.14,3.8604664974555707
2019-03-30,47.594999666666666,2.43,0.16,3.8627277066997316
2019-03-31,47.70250033333333,2.43,0.16,3.8649838144101136
2019-04-01,47.810001,2.41,0.16,3.867234843554138
2019-04-02,48.505001,2.41,0.18,3.881666906029678
2019-04-03,48.837502,2.41,0.19,3.8884985013333253
2019-04-04,48.922501,2.41,0.18,3.890237433796716
2019-04-05,49.25,2.41,0.15,3.8969093676180977
2019-04-06,49.508334,2.41,0.16,3.902141019039442
2019-04-07,49.766668,2.41,0.16,3.907345442668729
2019-04-08,50.025002,2.41,0.16,3.912522920449806
2019-04-09,49.875,2.41,0.16,3.9095198752100275
2019-04-10,50.154999,2.41,0.17,3.9151181903972567
2019-04-11,49.737499,2.41,0.16,3.9067591556474928
2019-04-12,49.717499,2.41,0.16,3.9063569636878768
2019-04-13,49.747499,2.41,0.15,3.906960190984171
2019-04-14,49.777499,2.41,0.15,3.9075630546166544
2019-04-15,49.807499,2.41,0.15,3.9081655550235435
2019-04-16,49.8125,2.41,0.19,3.9082659565504336
2019-04-17,50.34318708475049,2.42,0.19,3.918863298882094
2019-04-18,50.965,2.43,0.19,3.931139122620376
2019-04-19,51.006875,2.44,0.19,3.931960427560662
2019-04-20,51.04875,2.44,0.21,3.9327810585126555
2019-04-21,51.090625,2.44,0.21,3.9336010165816404
2019-04-22,51.1325,2.44,0.21,3.9344203028701843
2019-04-23,50.880889362207846,2.44,0.21,3.929487398482242
2019-04-24,51.790001,2.44,0.21,3.947197099744547
2019-04-25,51.32,2.44,0.21,3.938080539747436
2019-04-26,51.075001,2.44,0.23,3.933295160282736
2019-04-27,51.100834,2.44,0.24,3.933800818015808
2019-04-28,51.126667000000005,2.44,0.24,3.9343062201883585
2019-04-29,51.1525,2.45,0.24,3.934811367058577
2019-04-30,50.1675,2.45,0.24,3.9153674066785356
2019-05-01,52.630001,2.45,0.21,3.9632863183662574
2019-05-02,52.287498,2.41,0.2,3.9567572985182564
2019-05-03,52.9375,2.4,0.21,3.969111972412273
2019-05-04,52.66499966666667,2.4,0.2,3.963951091959191
2019-05-05,52.39249933333333,2.4,0.2,3.9587634385874932
2019-05-06,52.119999,2.4,0.2,3.9535487330701513
2019-05-07,50.715,2.4,0.17,3.926221724827959
2019-05-08,50.724998,2.39,0.19,3.926418846283588
2019-05-09,50.18,2.38,0.19,3.9156165409382764
2019-05-10,49.294998,2.38,0.21,3.897822615454938
2019-05-11,48.339998666666666,2.38,0.22,3.8782593476929343
2019-05-12,47.38499933333333,2.38,0.22,3.8583057088530084
2019-05-13,46.43,2.38,0.22,3.8379458020318302
2019-05-14,47.165001,2.38,0.22,3.853652113303979
2019-05-15,47.73,2.4,0.21,3.865560131017805
2019-05-16,47.52,2.39,0.2,3.8611506750543896
2019-05-17,47.25,2.39,0.19,3.855452653939752
2019-05-18,46.75749966666667,2.39,0.2,3.844974663546037
2019-05-19,46.264999333333336,2.39,0.2,3.8343857212912527
2019-05-20,45.772499,2.39,0.2,3.8236834522574434
2019-05-21,46.650002,2.39,0.17,3.8426729701658062
2019-05-22,45.695,2.38,0.16,3.821988882724165
2019-05-23,44.915001,2.38,0.19,3.8047718369454464
2019-05-24,44.7425,2.38,0.16,3.8009238329094264
2019-05-25,44.69624975,2.38,0.16,3.7998895998895805
2019-05-26,44.6499995,2.38,0.16,3.7988542961242997
2019-05-27,44.60374925,2.38,0.16,3.797817919394192
2019-05-28,44.557499,2.39,0.14,3.796780467472958
2019-05-29,44.345001,2.39,0.16,3.791999985378872
2019-05-30,44.575001,2.39,0.16,3.797173186183304
2019-05-31,43.767502,2.4,0.19,3.7788915785209567
2019-06-01,43.62000166666667,2.4,0.25,3.775515798982255
2019-06-02,43.47250133333333,2.4,0.25,3.772128584944817
2019-06-03,43.325001,2.38,0.25,3.7687298586830313
2019-06-04,44.91,2.38,0.24,3.8046604870996465
2019-06-05,45.634998,2.38,0.29,3.820674922142829
2019-06-06,46.305,2.37,0.24,3.8352499466222323
2019-06-07,47.537498,2.37,0.24,3.861518831182329
2019-06-08,47.739998666666665,2.37,0.25,3.8657695929816236
2019-06-09,47.94249933333334,2.37,0.25,3.870002362259987
2019-06-10,48.145,2.37,0.25,3.8742172906922474
2019-06-11,48.702499,2.37,0.22,3.885730342940395
2019-06-12,48.547501,2.37,0.25,3.882542720704021
2019-06-13,48.537498,2.37,0.27,3.8823366538525312
2019-06-14,48.185001,2.36,0.25,3.875047790056597
2019-06-15,48.280834,2.36,0.23,3.87703467031377
2019-06-16,48.376667,2.36,0.23,3.879017610704536
2019-06-17,48.4725,2.38,0.23,3.880996626823023
2019-06-18,49.612499,2.37,0.2,3.904242797952973
2019-06-19,49.467499,2.37,0.29,3.901315868069165
2019-06-20,49.865002,2.37,0.29,3.909319393962123
2019-06-21,49.695,2.38,0.3,3.9059043244199687
2019-06-22,49.678333333333335,2.38,0.3,3.905568889021681
2019-06-23,49.66166666666667,2.38,0.3,3.9052333410687305
2019-06-24,49.645,2.38,0.3,3.9048976804855573
2019-06-25,48.892502,2.38,0.29,3.8896240513907356
2019-06-26,49.950001,2.38,0.28,3.9110225251145825
2019-06-27,49.935001,2.38,0.27,3.9107221797211316
2019-06-28,49.48,2.4,0.25,3.901568547524287
2019-06-29,49.78250033333333,2.4,0.25,3.9076635233464865
2019-06-30,50.085000666666666,2.4,0.25,3.9137215753744328
2019-07-01,50.387501,2.39,0.25,3.919743148289476
2019-07-02,50.682499,2.4,0.21,3.9255806636295354
2019-07-03,51.102501,2.41,0.19,3.933833439260509
2019-07-04,51.08,2.41,0.19,3.9333930311643384
2019-07-05,51.057499,2.42,0.17,3.9329524290234144
2019-07-06,50.70666633333333,2.42,0.17,3.9260573878181915
2019-07-07,50.35583366666667,2.42,0.17,3.919114474750306
2019-07-08,50.005001,2.41,0.17,3.9121230204264794
2019-07-09,50.310001,2.41,0.15,3.918203884379991
2019-07-10,50.807499,2.41,0.25,3.928043961800191
2019-07-11,50.4375,2.4,0.28,3.9207349460301675
2019-07-12,50.825001,2.38,0.28,3.9283883791897667
2019-07-13,50.984168,2.38,0.26,3.931515153157984
2019-07-14,51.143335,2.38,0.26,3.934632180877155
2019-07-15,51.302502,2.4,0.26,3.9377395229172363
2019-07-16,51.125,2.41,0.26,3.934273614362966
2019-07-17,50.837502,2.41,0.23,3.9286343105743797
2019-07-18,51.415001,2.41,0.27,3.939929978130731
2019-07-19,50.647499,2.41,0.25,3.9248898513906583
2019-07-20,51.03333266666667,2.41,0.25,3.932479000932171
2019-07-21,51.41916633333334,2.41,0.25,3.94001098881898
2019-07-22,51.805,2.4,0.25,3.947486669703715
2019-07-23,52.209999,2.4,0.25,3.955274028269042
2019-07-24,52.1675,2.4,0.22,3.9544596956254026
2019-07-25,51.755001,2.4,0.22,3.9465210651575178
2019-07-26,51.935001,2.4,0.22,3.9499929559346123
2019-07-27,52.09666666666666,2.4,0.21,3.9531009671859922
2019-07-28,52.258332333333335,2.4,0.21,3.9561993486252707
2019-07-29,52.419998,2.4,0.21,3.959288159741883
2019-07-30,52.195,2.39,0.21,3.9549867048602616
2019-07-31,53.259998,2.4,0.13,3.975185542834152
2019-08-01,52.107498,2.14,0.17,3.9533088539514973
2019-08-02,51.005001,2.14,0.14,3.931923686740403
2019-08-03,50.11500033333333,2.14,0.16,3.914320371128198
2019-08-04,49.22499966666667,2.14,0.16,3.8964016177535625
2019-08-05,48.334999,2.13,0.16,3.878155915227627
2019-08-06,49.25,2.13,0.13,3.8969093676180977
2019-08-07,49.759998,2.12,0.12,3.9072114082379974
2019-08-08,50.857498,2.12,0.1,3.9290275649184023
2019-08-09,50.247501,2.12,0.11,3.9169608143592574
2019-08-10,50.20500033333333,2.12,0.07,3.9161146299708447
2019-08-11,50.16249966666667,2.12,0.07,3.915267728947965
2019-08-12,50.119999,2.12,0.07,3.9144201100757523
2019-08-13,52.2425,2.12,0.02,3.955896339872116
2019-08-14,50.6875,2.12,0.01,3.9256793318756316
2019-08-15,50.435001,2.13,0.04,3.920685398334299
2019-08-16,51.625,2.13,0.07,3.944006051281197
2019-08-17,51.945834,2.13,0.07,3.950201521836865
2019-08-18,52.266668,2.13,0.07,3.9563588447584017
2019-08-19,52.587502,2.13,0.07,3.9624784869484904
2019-08-20,52.59,2.13,0.05,3.962525987601253
2019-08-21,53.16,2.12,0.03,3.9733062338450447
2019-08-22,53.115002,2.12,0.01,3.9724594118861227
2019-08-23,50.66,2.12,0.01,3.925136644573529
2019-08-24,50.98083366666666,2.12,0.0,3.931449751632362
2019-08-25,51.30166733333333,2.12,0.0,3.937723253272989
2019-08-26,51.622501,2.12,0.0,3.94395764332989
2019-08-27,51.040001,2.12,-0.04,3.9326096586290107
2019-08-28,51.3825,2.12,-0.03,3.9392976475630266
2019-08-29,52.252499,2.12,-0.03,3.956087717452406
2019-08-30,52.185001,2.13,0.0,3.9547951164346093
2019-08-31,51.9950005,2.13,0.0,3.9511475697285054
2019-09-01,51.805,2.13,0.0,3.947486669703715
2019-09-02,51.6149995,2.13,0.0,3.9438123182304468
2019-09-03,51.424999,2.13,0.0,3.9401244160932256
2019-09-04,52.297501,2.13,0.04,3.9569485879025112
2019-09-05,53.32,2.13,0.02,3.976311495310508
2019-09-06,53.314999,2.12,0.02,3.976217698713695
2019-09-07,53.39083266666667,2.12,0.05,3.977639058319805
2019-09-08,53.46666633333333,2.12,0.05,3.9790584005298903
2019-09-09,53.5425,2.13,0.05,3.980475731062588
2019-09-10,54.174999,2.13,0.05,3.992219528963724
2019-09-11,55.897499,2.13,0.07,4.023519638551933
2019-09-12,55.772499,2.13,0.07,4.021280898434684
2019-09-13,54.6875,2.14,0.11,4.001635164117833
2019-09-14,54.78333266666667,2.14,0.1,4.003385999272967
2019-09-15,54.87916533333333,2.14,0.1,4.005133774361253
2019-09-16,54.974998,2.25,0.1,4.006878500060651
2019-09-17,55.174999,2.3,0.09,4.01050993401865
2019-09-18,55.692501,2.25,0.03,4.019845505912631
2019-09-19,55.240002,1.9,0.05,4.011687364746739
2019-09-20,54.432499,1.9,0.05,3.9969613835729594
2019-09-21,54.514999333333336,1.9,0.04,3.998475880929295
2019-09-22,54.59749966666666,1.9,0.04,3.9999880880515044
2019-09-23,54.68,1.9,0.04,4.001498011855749
2019-09-24,54.419998,1.9,0.04,3.9967316966039053
2019-09-25,55.2575,1.9,0.05,4.0120040777914605
2019-09-26,54.9725,1.85,0.04,4.006833060190789
2019-09-27,54.705002,1.83,0.06,4.001955149488482
2019-09-28,55.134168,1.83,0.05,4.009769632863719
2019-09-29,55.563334,1.83,0.05,4.017523523285207
2019-09-30,55.9925,1.9,0.05,4.025217753194489
2019-10-01,56.147499,1.88,0.09,4.027982138785509
2019-10-02,54.740002,1.85,0.12,4.002594740148886
2019-10-03,55.205002,1.83,0.15,4.011053565119703
2019-10-04,56.752499,1.82,0.12,4.03869969063428
2019-10-05,56.75666566666667,1.82,0.1,4.038773106145367
2019-10-06,56.76083233333333,1.82,0.1,4.038846516267013
2019-10-07,56.764999,1.82,0.1,4.038919921000008
2019-10-08,56.099998,1.82,0.12,4.027135776878026
2019-10-09,56.7575,1.82,0.12,4.038787806219643
2019-10-10,57.522499,1.82,0.14,4.052176158227049
2019-10-11,59.052502,1.82,0.13,4.078426912617894
2019-10-12,59.02416766666666,1.82,0.13,4.077946981502675
2019-10-13,58.99583333333333,1.82,0.13,4.0774668199429795
2019-10-14,58.967499,1.82,0.13,4.076986427717399
2019-10-15,58.830002,1.9,0.16,4.0746519628726245
2019-10-16,58.592499,1.9,0.17,4.070606684976862
2019-10-17,58.82,1.85,0.16,4.074481933125849
2019-10-18,59.102501,1.85,0.18,4.079273241621574
2019-10-19,59.444167,1.85,0.18,4.085037502259175
2019-10-20,59.785833,1.85,0.18,4.090768726535328
2019-10-21,60.127499,1.85,0.18,4.096467290971754
2019-10-22,59.990002,1.85,0.18,4.094177915003891
2019-10-23,60.794998,1.85,0.19,4.107507515850939
2019-10-24,60.895,1.85,0.19,4.109151069539074
2019-10-25,61.645,1.83,0.17,4.121392123320516
2019-10-26,61.85083366666667,1.83,0.21,4.12472557759433
2019-10-27,62.05666733333334,1.83,0.21,4.128047956858565
2019-10-28,62.262501,1.83,0.21,4.131359334460433
2019-10-29,60.822498,1.82,0.2,4.107959753421571
2019-10-30,60.814999,1.82,0.17,4.107836452627088
2019-10-31,62.189999,1.58,0.17,4.130194199036042
2019-11-01,63.955002,1.57,0.17,4.158179742323344
2019-11-02,64.09500133333333,1.57,0.19,4.160366378566552
2019-11-03,64.23500066666666,1.57,0.19,4.162548243862131
2019-11-04,64.375,1.56,0.19,4.1647253589839
2019-11-05,64.282501,1.56,0.23,4.1632874480153435
2019-11-06,64.309998,1.55,0.2,4.163715109047409
2019-11-07,64.857498,1.55,0.24,4.172192524741968
2019-11-08,65.035004,1.55,0.26,4.174925648021046
2019-11-09,65.20667033333334,1.55,0.26,4.177561769425704
2019-11-10,65.37833666666667,1.55,0.26,4.180190959960914
2019-11-11,65.550003,1.55,0.26,4.182813255976298
2019-11-12,65.489998,1.55,0.26,4.181897428690948
2019-11-13,66.1175,1.55,0.25,4.191433462195659
2019-11-14,65.660004,1.55,0.24,4.184489972993335
2019-11-15,66.440002,1.55,0.23,4.196299314847442
2019-11-16,66.55166866666667,1.55,0.21,4.197978618406065
2019-11-17,66.66333533333334,1.55,0.21,4.199655106631385
2019-11-18,66.775002,1.55,0.21,4.201328788947353
2019-11-19,66.572502,1.55,0.19,4.198291609403854
2019-11-20,65.797501,1.55,0.17,4.186581858886657
2019-11-21,65.502502,1.55,0.17,4.182088340384945
2019-11-22,65.445,1.55,0.16,4.181210095243682
2019-11-23,65.82749966666667,1.55,0.15,4.1870376790885055
2019-11-24,66.20999933333333,1.55,0.15,4.192831498867782
2019-11-25,66.592499,1.55,0.15,4.198591943575749
2019-11-26,66.072502,1.55,0.16,4.19075265425168
2019-11-27,66.959999,1.55,0.14,4.20409541124693
2019-11-28,66.88624949999999,1.55,0.14,4.2029934078917375
2019-11-29,66.8125,1.56,0.17,4.2018901887852635
2019-11-30,66.55500033333334,1.56,0.22,4.198028678507372
2019-12-01,66.29750066666666,1.56,0.22,4.19415219914591
2019-12-02,66.040001,1.56,0.22,4.190260634194265
2019-12-03,64.862503,1.55,0.19,4.1722696909455435
2019-12-04,65.434998,1.55,0.19,4.181057252942761
2019-12-05,66.394997,1.55,0.22,4.195621707258165
2019-12-06,67.677498,1.55,0.23,4.214753746529525
2019-12-07,67.36166633333333,1.55,0.2,4.210076107355731
2019-12-08,67.04583466666666,1.55,0.2,4.205376485004052
2019-12-09,66.730003,1.55,0.2,4.200654671872805
2019-12-10,67.120003,1.55,0.2,4.206482106855017
2019-12-11,67.692497,1.55,0.18,4.214975346597714
2019-12-12,67.864998,1.55,0.24,4.217520408279656
2019-12-13,68.787498,1.55,0.21,4.2310220133108265
2019-12-14,69.17999733333333,1.55,0.24,4.2367117649622354
2019-12-15,69.57249666666667,1.55,0.24,4.242369326407717
2019-12-16,69.964996,1.56,0.24,4.247995059836232
2019-12-17,70.102501,1.55,0.26,4.249958471007537
2019-12-18,69.934998,1.55,0.29,4.247566210633283
2019-12-19,70.004997,1.55,0.3,4.248566625215806
2019-12-20,69.860001,1.55,0.29,4.246493253693028
2019-12-21,70.24000066666666,1.55,0.29,4.2519179588181295
2019-12-22,70.62000033333334,1.55,0.29,4.257313395220338
2019-12-23,71.0,1.55,0.29,4.2626798770413155
2019-12-24,71.067497,1.55,0.28,4.26363008742024
2019-12-25,71.77249900000001,1.55,0.28,4.273501380398285
2019-12-26,72.477501,1.55,0.26,4.283276182663506
2019-12-27,72.449997,1.55,0.29,4.282896627358823
2019-12-28,72.59333033333333,1.55,0.32,4.2848730489236955
2019-12-29,72.73666366666667,1.55,0.32,4.286845571950255
2019-12-30,72.879997,1.55,0.32,4.288814211788146
2019-12-31,73.412498,1.55,0.34,4.29609419360532
2020-01-01,74.25,1.55,0.34,4.307437777682809
2020-01-02,75.087502,1.55,0.3,4.318654126811872
2020-01-03,74.357498,1.55,0.27,4.308884515165057
2020-01-04,74.55499766666667,1.55,0.27,4.311537076746065
2020-01-05,74.75249733333334,1.55,0.27,4.314182620854306
2020-01-06,74.949997,1.55,0.27,4.316821184521921
2020-01-07,74.597504,1.55,0.29,4.312107048204929
2020-01-08,75.797501,1.55,0.29,4.328065323767127
2020-01-09,77.407501,1.55,0.27,4.349083688044706
2020-01-10,77.582497,1.54,0.27,4.351341847624305
2020-01-11,78.13499733333333,1.54,0.27,4.3584380657362995
2020-01-12,78.68749766666667,1.54,0.27,4.365484282151401
2020-01-13,79.239998,1.54,0.27,4.372481196590572
2020-01-14,78.169998,1.54,0.24,4.358885916646976
2020-01-15,77.834999,1.54,0.23,4.354591188640122
2020-01-16,78.809998,1.54,0.23,4.367039866988067
2020-01-17,79.682503,1.55,0.26,4.37805002593557
2020-01-18,79.54750274999999,1.55,0.26,4.37635436208489
2020-01-19,79.41250249999999,1.55,0.26,4.374655818073841
2020-01-20,79.27750225,1.55,0.26,4.372954384101612
2020-01-21,79.142502,1.55,0.25,4.371250050317281
2020-01-22,79.425003,1.55,0.24,4.374813217927062
2020-01-23,79.807503,1.55,0.23,4.37961752259231
2020-01-24,79.577499,1.55,0.21,4.376731377010583
2020-01-25,78.79750033333333,1.55,0.17,4.366881274702485
2020-01-26,78.01750166666667,1.55,0.17,4.356933181861968
2020-01-27,77.237503,1.55,0.17,4.346885129228333
2020-01-28,79.422501,1.55,0.2,4.374781716015641
2020-01-29,81.084999,1.55,0.18,4.395497974838601
2020-01-30,80.967499,1.6,0.16,4.394047827237776
2020-01-31,77.377502,1.59,0.18,4.34869606650781
2020-02-01,77.30666833333333,1.59,0.18,4.347780217504448
2020-02-02,77.23583466666668,1.59,0.18,4.346863528952731
2020-02-03,77.165001,1.59,0.18,4.345945999312038
2020-02-04,79.712502,1.59,0.2,4.378426436731558
2020-02-05,80.362503,1.59,0.22,4.386547686798649
2020-02-06,81.302498,1.59,0.21,4.398176741788997
2020-02-07,80.0075,1.58,0.18,4.382120380279625
2020-02-08,80.13416566666666,1.58,0.19,4.383702300794241
2020-02-09,80.26083133333333,1.58,0.19,4.385281722788283
2020-02-10,80.387497,1.58,0.19,4.386858654141746
2020-02-11,79.902496,1.58,0.18,4.380807091333111
2020-02-12,81.800003,1.58,0.18,4.404277280283518
2020-02-13,81.217499,1.58,0.17,4.39713072887589
2020-02-14,81.237503,1.58,0.17,4.397377000149225
2020-02-15,80.86562725,1.58,0.17,4.392788854296744
2020-02-16,80.4937515,1.58,0.17,4.38817956029383
2020-02-17,80.12187575,1.58,0.17,4.383548922280931
2020-02-18,79.75,1.59,0.14,4.378896741664954
2020-02-19,80.904999,1.59,0.14,4.393275614491595
2020-02-20,80.074997,1.59,0.13,4.382963658030344
2020-02-21,78.262497,1.58,0.12,4.360068522738893
2020-02-22,77.02333066666667,1.58,0.12,4.344108371630761
2020-02-23,75.78416433333334,1.58,0.12,4.327889357014529
2020-02-24,74.544998,1.58,0.12,4.31140294305093
2020-02-25,72.019997,1.58,0.13,4.276943816565632
2020-02-26,73.162498,1.58,0.17,4.29268296728093
2020-02-27,68.379997,1.58,0.19,4.225080340338677
2020-02-28,68.339996,1.58,0.27,4.224495188156269
2020-02-29,70.46083033333333,1.58,0.26,4.255056957307654
2020-03-01,72.58166466666667,1.58,0.26,4.284712337133187
2020-03-02,74.702499,1.59,0.26,4.313513545394466
2020-03-03,72.330002,1.59,0.31,4.281239008512233
2020-03-04,75.684998,1.09,0.35,4.326579963789213
2020-03-05,73.230003,1.09,0.33,4.293605214039794
2020-03-06,72.2575,1.09,0.25,4.2802361278334216
2020-03-07,70.35250099999999,1.09,0.16,4.253518333745824
2020-03-08,68.447502,1.09,0.16,4.226067057277455
2020-03-09,66.542503,1.09,0.16,4.197840886354144
2020-03-10,71.334999,1.09,0.26,4.267387076548413
2020-03-11,68.857498,1.09,0.32,4.2320391226583345
2020-03-12,62.057499,1.1,0.38,4.128061358498221
2020-03-13,69.4925,1.1,0.45,4.241218833078583
2020-03-14,66.51250066666667,1.1,0.37,4.197389909945667
2020-03-15,63.532501333333336,1.1,0.37,4.1515516069783125
2020-03-16,60.552502,0.25,0.37,4.103510790367533
2020-03-17,63.215,0.25,0.55,4.146541614763861
2020-03-18,61.6675,0.25,0.64,4.121757049832422
2020-03-19,61.195,0.2,0.68,4.114065486834302
2020-03-20,57.310001,0.15,0.55,4.048475146012608
2020-03-21,56.904167,0.15,0.48,4.041368572194235
2020-03-22,56.498333,0.15,0.48,4.034211133292352
2020-03-23,56.092499,0.15,0.48,4.027002095924099
2020-03-24,61.720001,0.12,0.46,4.122608043697164
2020-03-25,61.380001,0.1,0.54,4.117084065483541
2020-03-26,64.610001,0.1,0.53,4.168369213047554
2020-03-27,61.935001,0.1,0.47,4.126085464152123
2020-03-28,62.524167,0.1,0.47,4.135553154004003
2020-03-29,63.113333,0.1,0.47,4.144932046751131
2020-03-30,63.702499,0.09,0.47,4.154223792577842
2020-03-31,63.572498,0.08,0.47,4.152180955441341
2020-04-01,60.227501,0.06,0.39,4.098129075243503
2020-04-02,61.232498,0.05,0.4,4.114678061652626
2020-04-03,60.352501,0.05,0.39,4.100202388275582
2020-04-04,62.10750066666667,0.05,0.4,4.1288667653279045
2020-04-05,63.86250033333334,0.05,0.4,4.156732339876464
2020-04-06,65.6175,0.05,0.4,4.183842428666392
2020-04-07,64.857498,0.05,0.47,4.172192524741968
2020-04-08,66.517502,0.05,0.5,4.197465101003855
2020-04-09,66.997498,0.05,0.5,4.204655275410106
2020-04-10,67.32624849999999,0.05,0.5,4.2095501829000215
2020-04-11,67.654999,0.05,0.51,4.214421246934734
2020-04-12,67.9837495,0.05,0.51,4.219268698675152
2020-04-13,68.3125,0.05,0.51,4.224092765936757
2020-04-14,71.762497,0.05,0.53,4.273362013689191
2020-04-15,71.107498,0.05,0.43,4.264192788351658
2020-04-16,71.672501,0.05,0.41,4.272107145448321
2020-04-17,70.699997,0.05,0.45,4.258445530469712
2020-04-18,70.21083066666667,0.05,0.43,4.251502582132317
2020-04-19,69.72166433333334,0.05,0.43,4.244511092044081
2020-04-20,69.232498,0.05,0.43,4.237470376662112
2020-04-21,67.092499,0.05,0.38,4.206072249353291
2020-04-22,69.025002,0.05,0.41,4.2344687867912265
2020-04-23,68.7575,0.04,0.39,4.230585821505791
2020-04-24,70.7425,0.05,0.38,4.259046523837063
2020-04-25,70.75916766666667,0.05,0.43,4.2592821064562445
2020-04-26,70.77583533333333,0.05,0.43,4.2595176335893274
2020-04-27,70.792503,0.04,0.43,4.259753105262441
2020-04-28,69.644997,0.04,0.42,4.243410867064396
2020-04-29,71.932503,0.04,0.43,4.275728220993844
2020-04-30,73.449997,0.05,0.44,4.296604861775774
2020-05-01,72.267502,0.05,0.44,4.280374539871167
2020-05-02,72.608335,0.05,0.45,4.285079722403447
2020-05-03,72.949168,0.05,0.45,4.289762869831789
2020-05-04,73.290001,0.05,0.45,4.294424187582185
2020-05-05,74.389999,0.05,0.47,4.309321510760583
2020-05-06,75.157501,0.05,0.55,4.319585924923849
2020-05-07,75.934998,0.05,0.5,4.329877684843917
2020-05-08,77.532501,0.05,0.53,4.350697216191162
2020-05-09,77.939168,0.05,0.56,4.3559286249754745
2020-05-10,78.34583500000001,0.05,0.56,4.361132808486684
2020-05-11,78.752502,0.05,0.56,4.366310048629613
2020-05-12,77.852501,0.05,0.52,4.354816023647091
2020-05-13,76.912498,0.05,0.48,4.342668386063033
2020-05-14,77.385002,0.05,0.47,4.3487929892095245
2020-05-15,76.927498,0.05,0.48,4.342863393869033
2020-05-16,77.53166466666667,0.05,0.55,4.3506864292588014
2020-05-17,78.13583133333333,0.05,0.55,4.358448739513448
2020-05-18,78.739998,0.05,0.55,4.36615126011554
2020-05-19,78.285004,0.05,0.53,4.360356064858841
2020-05-20,79.807503,0.05,0.52,4.37961752259231
2020-05-21,79.212502,0.05,0.51,4.372134139898176
2020-05-22,79.722504,0.05,0.49,4.378551904786084
2020-05-23,79.58750375,0.05,0.49,4.376857092461094
2020-05-24,79.4525035,0.05,0.49,4.375159402870173
2020-05-25,79.31750325,0.05,0.49,4.37345882622729
2020-05-26,79.182503,0.05,0.51,4.371755352696411
2020-05-27,79.527496,0.05,0.49,4.376102823499158
2020-05-28,79.5625,0.05,0.53,4.376542876317625
2020-05-29,79.485001,0.05,0.49,4.375568337193825
2020-05-30,79.81083466666666,0.05,0.52,4.379659268004722
2020-05-31,80.13666833333333,0.05,0.52,4.383733531263371
2020-06-01,80.462502,0.05,0.52,4.387791262235034
2020-06-02,80.834999,0.06,0.51,4.392410027682691
2020-06-03,81.279999,0.06,0.58,4.397899971527022
2020-06-04,80.580002,0.06,0.63,4.389250504583256
2020-06-05,82.875,0.07,0.69,4.417333448506026
2020-06-06,83.03833266666666,0.07,0.66,4.419302340539057
2020-06-07,83.20166533333334,0.07,0.66,4.421267363652486
2020-06-08,83.364998,0.07,0.66,4.423228533021539
2020-06-09,85.997498,0.07,0.64,4.454318202807042
2020-06-10,88.209999,0.08,0.58,4.479720323934092
2020-06-11,83.974998,0.08,0.47,4.430519111681744
2020-06-12,84.699997,0.08,0.52,4.439115566238882
2020-06-13,85.04916399999999,0.08,0.52,4.443229489281509
2020-06-14,85.398331,0.08,0.52,4.447326557278024
2020-06-15,85.747498,0.09,0.52,4.451406907777802
2020-06-16,88.019997,0.09,0.54,4.477564027299782
2020-06-17,87.897499,0.09,0.55,4.476171351499085
2020-06-18,87.932503,0.09,0.52,4.476569508810855
2020-06-19,87.43,0.09,0.51,4.470838473192799
2020-06-20,88.19249966666668,0.09,0.52,4.479521921603933
2020-06-21,88.95499933333333,0.09,0.52,4.488130616392313
2020-06-22,89.717499,0.08,0.52,4.496665833650457
2020-06-23,91.6325,0.08,0.54,4.517786012245659
2020-06-24,90.014999,0.08,0.5,4.499976312000326
2020-06-25,91.209999,0.08,0.51,4.513164529228357
2020-06-26,88.407501,0.08,0.47,4.481956818984967
2020-06-27,89.08666733333332,0.08,0.48,4.489609686168155
2020-06-28,89.76583366666667,0.08,0.48,4.497204431492574
2020-06-29,90.445,0.08,0.48,4.504741931153598
2020-06-30,91.199997,0.08,0.5,4.513054864185548
2020-07-01,91.027496,0.08,0.52,4.511161614723724
2020-07-02,91.027496,0.09,0.52,4.511161614723724
2020-07-03,91.6362475,0.09,0.52,4.517826908471029
2020-07-04,92.244999,0.09,0.53,4.524448070069033
2020-07-05,92.8537505,0.09,0.53,4.531025680090098
2020-07-06,93.462502,0.09,0.53,4.53756030772499
2020-07-07,93.172501,0.09,0.49,4.534452624506585
2020-07-08,95.342499,0.09,0.51,4.55747566088691
2020-07-09,95.752502,0.09,0.46,4.5617667582676615
2020-07-10,95.919998,0.09,0.49,4.56351448986855
2020-07-11,95.772499,0.09,0.48,4.561975576959407
2020-07-12,95.625,0.09,0.48,4.5604342921467
2020-07-13,95.477501,0.09,0.48,4.558890628107582
2020-07-14,97.057503,0.09,0.49,4.5753036172913095
2020-07-15,97.724998,0.1,0.48,4.582157391213426
2020-07-16,96.522499,0.1,0.46,4.56977613142871
2020-07-17,96.327499,0.09,0.5,4.567753833596408
2020-07-18,97.00416533333332,0.09,0.46,4.574753919162175
2020-07-19,97.68083166666668,0.09,0.46,4.581705343962218
2020-07-20,98.357498,0.1,0.46,4.58860877985488
2020-07-21,97.0,0.1,0.47,4.574710978503383
2020-07-22,97.272499,0.09,0.46,4.577516307925856
2020-07-23,92.845001,0.09,0.43,4.530931446823198
2020-07-24,92.614998,0.09,0.45,4.528451093979912
2020-07-25,93.34666466666668,0.09,0.47,4.536320140015376
2020-07-26,94.07833133333332,0.09,0.47,4.544127747315016
2020-07-27,94.809998,0.1,0.47,4.551874867835046
2020-07-28,93.252502,0.1,0.45,4.535310889263173
2020-07-29,95.040001,0.1,0.46,4.554297866136221
2020-07-30,96.190002,0.1,0.44,4.566325422956706
2020-07-31,106.260002,0.1,0.44,4.665888939844555
2020-08-01,107.15250133333332,0.1,0.45,4.67425306586861
2020-08-02,108.04500066666668,0.1,0.45,4.6825478131797045
2020-08-03,108.9375,0.1,0.45,4.690774323280239
2020-08-04,109.665001,0.1,0.41,4.697430273532069
2020-08-05,110.0625,0.1,0.44,4.701048386256425
2020-08-06,113.902496,0.1,0.44,4.7353427841726425
2020-08-07,111.112503,0.1,0.44,4.710543228567455
2020-08-08,111.65083566666668,0.1,0.45,4.715376462957366
2020-08-09,112.18916833333334,0.1,0.45,4.720186449509817
2020-08-10,112.727501,0.1,0.45,4.724973410798662
2020-08-11,109.375,0.1,0.48,4.694782344677779
2020-08-12,113.010002,0.1,0.53,4.727476328069608
2020-08-13,115.010002,0.1,0.55,4.745019098494282
2020-08-14,114.907501,0.1,0.57,4.744127465578534
2020-08-15,114.8075,0.1,0.55,4.743256812761942
2020-08-16,114.707499,0.1,0.55,4.742385401248413
2020-08-17,114.607498,0.1,0.55,4.74151322971452
2020-08-18,115.5625,0.09,0.53,4.749811509147343
2020-08-19,115.707497,0.09,0.54,4.751065428988908
2020-08-20,118.275002,0.09,0.52,4.773012438426956
2020-08-21,124.370003,0.09,0.48,4.823261017787222
2020-08-22,124.86583466666669,0.09,0.51,4.827239838212366
2020-08-23,125.36166633333332,0.09,0.51,4.831202890344021
2020-08-24,125.857498,0.09,0.51,4.835150298670301
2020-08-25,124.824997,0.09,0.54,4.826912732353025
2020-08-26,126.522499,0.09,0.53,4.840420150060278
2020-08-27,125.010002,0.08,0.58,4.828393750101192
2020-08-28,124.807503,0.09,0.6,4.826772574320489
2020-08-29,126.218333,0.09,0.58,4.838013208970162
2020-08-30,127.629163,0.09,0.58,4.849128894953821
2020-08-31,129.039993,0.09,0.58,4.860122379570207
2020-09-01,134.179993,0.09,0.55,4.899182129966012
2020-09-02,131.399994,0.09,0.52,4.878246060388409
2020-09-03,120.879997,0.09,0.5,4.794798293146482
2020-09-04,120.959999,0.09,0.58,4.795459904164027
2020-09-05,118.92499925,0.09,0.58,4.77849303601185
2020-09-06,116.8899995,0.09,0.58,4.761233317342153
2020-09-07,114.85499975,0.09,0.58,4.743670461056539
2020-09-08,112.82,0.09,0.55,4.72579362831183
2020-09-09,117.32,0.09,0.57,4.76490524410925
2020-09-10,113.489998,0.09,0.54,4.731714709690349
2020-09-11,112.0,0.09,0.54,4.718498871295094
2020-09-12,113.12000033333334,0.09,0.54,4.728449205094986
2020-09-13,114.24000066666666,0.09,0.54,4.738301504426942
2020-09-14,115.360001,0.09,0.54,4.748057682205155
2020-09-15,115.540001,0.09,0.54,4.74961679900813
2020-09-16,112.129997,0.09,0.55,4.719658885718129
2020-09-17,110.339996,0.09,0.56,4.703566471592698
2020-09-18,106.839996,0.09,0.56,4.671332350802598
2020-09-19,107.919998,0.09,0.54,4.681390193367254
2020-09-20,109.0,0.09,0.54,4.6913478822291435
2020-09-21,110.080002,0.09,0.54,4.701207392353638
2020-09-22,111.809998,0.09,0.55,4.716800984271789
2020-09-23,107.120003,0.09,0.54,4.673949729388891
2020-09-24,108.220001,0.09,0.53,4.684166201455025
2020-09-25,112.279999,0.09,0.54,4.720995742587376
2020-09-26,113.17333233333332,0.09,0.53,4.728920557921505
2020-09-27,114.06666566666668,0.09,0.53,4.7367830640231805
2020-09-28,114.959999,0.09,0.53,4.744584233072092
2020-09-29,114.089996,0.09,0.55,4.736987575548237
2020-09-30,115.809998,0.09,0.56,4.75195089992662
2020-10-01,116.790001,0.09,0.54,4.760377458852851
2020-10-02,113.019997,0.09,0.57,4.727564767657722
2020-10-03,114.179998,0.09,0.64,4.737776133019911
2020-10-04,115.339999,0.09,0.64,4.747884279517248
2020-10-05,116.5,0.09,0.64,4.757891273005756
2020-10-06,113.160004,0.09,0.62,4.728802781781545
2020-10-07,115.080002,0.09,0.65,4.745627556062561
2020-10-08,114.970001,0.09,0.65,4.74467123346357
2020-10-09,116.970001,0.09,0.63,4.761917500211816
2020-10-10,119.446668,0.09,0.63,4.782869978866225
2020-10-11,121.923335,0.09,0.63,4.803392445566847
2020-10-12,124.400002,0.09,0.63,4.8235021963822495
2020-10-13,121.099998,0.09,0.58,4.79661663404377
2020-10-14,121.190002,0.09,0.59,4.797359578483408
2020-10-15,120.709999,0.09,0.6,4.793390966428718
2020-10-16,119.019997,0.09,0.62,4.779291521010858
2020-10-17,118.00666566666666,0.09,0.62,4.770741111570803
2020-10-18,116.99333433333334,0.09,0.62,4.762116961664846
2020-10-19,115.980003,0.09,0.62,4.753417788314823
2020-10-20,117.510002,0.09,0.67,4.766523453365678
2020-10-21,116.870003,0.09,0.69,4.761062231614613
2020-10-22,115.75,0.09,0.71,4.751432692966343
2020-10-23,115.040001,0.09,0.67,4.745279902665366
2020-10-24,115.043335,0.09,0.65,4.745308883469088
2020-10-25,115.046669,0.09,0.65,4.7453378634329475
2020-10-26,115.050003,0.09,0.65,4.745366842556994
2020-10-27,116.599998,0.09,0.63,4.758749256763733
2020-10-28,111.199997,0.09,0.63,4.711330354838064
2020-10-29,115.32,0.09,0.69,4.7477108727702015
2020-10-30,108.860001,0.09,0.74,4.690062662192164
2020-10-31,108.82999966666668,0.09,0.71,4.68978702864509
2020-11-01,108.79999833333332,0.09,0.71,4.6895113191032145
2020-11-02,108.769997,0.09,0.71,4.689235533524624
2020-11-03,110.440002,0.09,0.73,4.704472405171334
2020-11-04,114.949997,0.09,0.64,4.744497225110886
2020-11-05,119.029999,0.09,0.65,4.779375553778545
2020-11-06,118.690002,0.09,0.67,4.776515068919033
2020-11-07,117.90000133333334,0.09,0.79,4.769836818852344
2020-11-08,117.11000066666666,0.09,0.79,4.7631136697467
2020-11-09,116.32,0.09,0.79,4.756345013785209
2020-11-10,115.970001,0.09,0.79,4.753331545591531
2020-11-11,119.489998,0.09,0.79,4.78323266912386
2020-11-12,119.209999,0.09,0.71,4.780886635341352
2020-11-13,119.260002,0.09,0.72,4.781306000465042
2020-11-14,119.606669,0.09,0.72,4.784208600831517
2020-11-15,119.953336,0.09,0.72,4.78710280048713
2020-11-16,120.300003,0.09,0.72,4.789988647918289
2020-11-17,119.389999,0.09,0.69,4.782395436981386
2020-11-18,118.029999,0.09,0.72,4.7709388209685555
2020-11-19,118.639999,0.08,0.68,4.776093689400816
2020-11-20,117.339996,0.08,0.67,4.765075669408741
2020-11-21,116.17666333333334,0.08,0.7,4.75511199234936
2020-11-22,115.01333066666666,0.08,0.7,4.74504804048576
2020-11-23,113.849998,0.08,0.7,4.7348817749427745
2020-11-24,115.169998,0.08,0.72,4.7464092803151825
2020-11-25,116.029999,0.08,0.71,4.753848769740993
2020-11-26,116.3099975,0.08,0.71,4.756259018856665
2020-11-27,116.589996,0.08,0.68,4.75866347263694
2020-11-28,117.40999833333332,0.08,0.68,4.76567206844685
2020-11-29,118.23000066666668,0.08,0.68,4.772631885513749
2020-11-30,119.050003,0.09,0.68,4.779543598132368
2020-12-01,122.720001,0.09,0.75,4.809905345767577
2020-12-02,123.080002,0.09,0.79,4.812834566703435
2020-12-03,122.940002,0.09,0.76,4.811696447746962
2020-12-04,122.25,0.09,0.81,4.8060681283549815
2020-12-05,122.75,0.09,0.8,4.81014976667463
2020-12-06,123.25,0.09,0.8,4.814214812922799
2020-12-07,123.75,0.09,0.8,4.8182634014487995
2020-12-08,124.379997,0.09,0.78,4.8233413715561095
2020-12-09,121.779999,0.09,0.79,4.802216129968899
2020-12-10,123.239998,0.09,0.78,4.81413365749997
2020-12-11,122.410004,0.09,0.79,4.80737609876449
2020-12-12,122.20000233333332,0.09,0.77,4.805659065831875
2020-12-13,121.99000066666667,0.09,0.77,4.803939079625575
2020-12-14,121.779999,0.09,0.77,4.802216129968899
2020-12-15,127.879997,0.09,0.81,4.851092300732147
2020-12-16,127.809998,0.09,0.79,4.850544770495395
2020-12-17,128.699997,0.09,0.81,4.857484091292057
2020-12-18,126.660004,0.09,0.82,4.841506362668893
2020-12-19,127.18333466666668,0.09,0.82,4.845629625551086
2020-12-20,127.70666533333332,0.09,0.82,4.849735956925651
2020-12-21,128.229996,0.09,0.82,4.853825495277076
2020-12-22,131.880005,0.09,0.8,4.881892456116784
2020-12-23,130.960007,0.09,0.83,4.874891986514314
2020-12-24,131.970001,0.09,0.81,4.882574631606218
2020-12-25,133.15000125,0.09,0.81,4.89147632164785
2020-12-26,134.33000149999998,0.09,0.81,4.9002994702414515
2020-12-27,135.51000175,0.09,0.81,4.909045451248798
2020-12-28,136.690002,0.09,0.81,4.91771560279621
2020-12-29,134.869995,0.09,0.82,4.904311314456029
2020-12-30,133.720001,0.09,0.81,4.895748069030211
2020-12-31,132.690002,0.09,0.8,4.888015595621071
2021-01-01,131.8700025,0.09,0.8,4.881816607777672
2021-01-02,131.050003,0.09,0.82,4.875578952661441
2021-01-03,130.23000349999998,0.09,0.82,4.86930214485514
2021-01-04,129.410004,0.09,0.82,4.86298568974309
2021-01-05,131.009995,0.09,0.83,4.875273618000553
2021-01-06,126.599998,0.09,0.9,4.841032493912287
2021-01-07,130.919998,0.09,0.94,4.874586434356475
2021-01-08,132.050003,0.09,0.99,4.883180661461808
2021-01-09,131.02666733333334,0.09,1.01,4.875400869914139
2021-01-10,130.00333166666667,0.09,1.01,4.867560078332314
2021-01-11,128.979996,0.09,1.01,4.859657322569671
2021-01-12,128.800003,0.09,1.01,4.858260836962178
2021-01-13,130.889999,0.09,0.96,4.8743572681636245
2021-01-14,128.910004,0.09,0.99,4.8591145174844135
2021-01-15,127.139999,0.09,0.98,4.845288833642917
2021-01-16,127.31249975,0.09,0.98,4.846644692023353
2021-01-17,127.4850005,0.09,0.98,4.847998714540729
2021-01-18,127.65750125,0.09,0.98,4.849350906159927
2021-01-19,127.830002,0.09,0.96,4.850701271825709
2021-01-20,126.61818499217468,0.09,0.97,4.841176140723042
2021-01-21,136.869995,0.08,0.99,4.919031533692159
2021-01-22,139.070007,0.08,0.97,4.9349774538248825
2021-01-23,140.35333733333334,0.08,0.92,4.944163081173801
2021-01-24,141.63666766666665,0.08,0.92,4.953265100185432
2021-01-25,142.919998,0.08,0.92,4.962285019161366
2021-01-26,143.160004,0.08,0.94,4.96396291383859
2021-01-27,142.059998,0.08,0.92,4.956249489491105
2021-01-28,137.089996,0.07,0.95,4.9206376152698965
2021-01-29,131.960007,0.07,1.0,4.882498899406757
2021-01-30,132.686671,0.07,0.98,4.887990491681357
2021-01-31,133.413335,0.07,0.98,4.893452091004344
2021-02-01,134.139999,0.08,0.98,4.898884023216693
2021-02-02,134.990005,0.08,1.01,4.905200738660516
2021-02-03,133.940002,0.08,1.04,4.897391953413963
2021-02-04,137.389999,0.08,1.04,4.922823589657306
2021-02-05,136.759995,0.08,1.1,4.918227528210702
2021-02-06,136.809998,0.08,1.08,4.918593087313209
2021-02-07,136.86000099999998,0.08,1.08,4.918958512831089
2021-02-08,136.910004,0.07,1.08,4.919323804861937
2021-02-09,136.009995,0.08,1.07,4.912728375682659
2021-02-10,135.389999,0.08,1.04,4.90815949512095
2021-02-11,135.130005,0.08,1.05,4.9062373150514
2021-02-12,135.369995,0.08,1.09,4.908011733261889
2021-02-13,134.82499675,0.08,1.09,4.9039776171179685
2021-02-14,134.27999849999998,0.08,1.09,4.899927160941146
2021-02-15,133.73500024999998,0.08,1.09,4.895860231823545
2021-02-16,133.190002,0.08,1.17,4.8917766952290815
2021-02-17,130.839996,0.08,1.18,4.8739751720984925
2021-02-18,129.710007,0.07,1.18,4.865301243319121
2021-02-19,129.869995,0.07,1.23,4.86653391162196
2021-02-20,128.57999666666666,0.07,1.26,4.856551252789343
2021-02-21,127.28999833333332,0.07,1.26,4.8464679347888815
2021-02-22,126.0,0.07,1.26,4.836281906951478
2021-02-23,125.860001,0.07,1.26,4.835170186044124
2021-02-24,125.349998,0.07,1.26,4.831109808648977
2021-02-25,120.989998,0.07,1.37,4.795707881023095
2021-02-26,121.260002,0.07,1.3,4.79793701713707
2021-02-27,123.43666833333332,0.07,1.32,4.815728217520001
2021-02-28,125.61333466666667,0.07,1.32,4.833208416126942
2021-03-01,127.790001,0.07,1.32,4.85038829944595
2021-03-02,125.120003,0.07,1.29,4.829273300773982
2021-03-03,122.059998,0.07,1.33,4.804512710730965
2021-03-04,120.129997,0.07,1.4,4.788574464760337
2021-03-05,121.419998,0.07,1.42,4.799255593230537
2021-03-06,119.73333233333334,0.07,1.42,4.785267039408041
2021-03-07,118.04666666666668,0.07,1.42,4.771080026509961
2021-03-08,116.360001,0.07,1.42,4.75668884222102
2021-03-09,121.089996,0.07,1.38,4.796534037732993
2021-03-10,119.980003,0.07,1.37,4.787325087229114
2021-03-11,121.959999,0.07,1.4,4.8036931139206445
2021-03-12,121.029999,0.07,1.5,4.796038440488098
2021-03-13,122.01666533333334,0.07,1.48,4.804157636497073
2021-03-14,123.00333166666668,0.07,1.48,4.812211441726446
2021-03-15,123.989998,0.07,1.48,4.820200901061417
2021-03-16,125.57,0.07,1.47,4.8328633720008725
2021-03-17,124.760002,0.07,1.5,4.826391907770382
2021-03-18,120.529999,0.07,1.55,4.791898676303562
2021-03-19,119.989998,0.07,1.58,4.787408389308242
2021-03-20,121.12333166666669,0.07,1.54,4.796809296466262
2021-03-21,122.25666533333332,0.07,1.54,4.806122649022758
2021-03-22,123.389999,0.07,1.54,4.815350062806058
2021-03-23,122.540001,0.07,1.48,4.808437515458109
2021-03-24,120.089996,0.07,1.48,4.788241428364239
2021-03-25,120.589996,0.07,1.49,4.792396328945254
2021-03-26,121.209999,0.07,1.53,4.797524570232277
2021-03-27,121.269999,0.07,1.59,4.7980194564226375
2021-03-28,121.329999,0.07,1.59,4.798514097821797
2021-03-29,121.389999,0.07,1.59,4.799008494671801
2021-03-30,119.900002,0.07,1.57,4.786658078714035
2021-03-31,122.150002,0.06,1.58,4.805249814077061
2021-04-01,123.0,0.07,1.52,4.812184355372417
2021-04-02,123.7250005,0.07,1.53,4.818061364879171
2021-04-03,124.450001,0.07,1.56,4.8239040368489565
2021-04-04,125.1750015,0.07,1.56,4.829712770199232
2021-04-05,125.900002,0.07,1.56,4.835487956935925
2021-04-06,126.209999,0.07,1.51,4.837947178347236
2021-04-07,127.900002,0.07,1.52,4.851248724222013
2021-04-08,130.360001,0.07,1.5,4.870299861640426
2021-04-09,133.0,0.07,1.51,4.890349128221754
2021-04-10,132.413335,0.07,1.51,4.885928355953897
2021-04-11,131.82667,0.07,1.51,4.881487953646551
2021-04-12,131.240005,0.07,1.51,4.8770277461910405
2021-04-13,134.429993,0.07,1.48,4.90104356539445
2021-04-14,132.029999,0.07,1.48,4.883029161917073
2021-04-15,134.5,0.07,1.4,4.901564199041894
2021-04-16,134.160004,0.07,1.43,4.8990331473300985
2021-04-17,134.386668,0.07,1.45,4.9007212267401865
2021-04-18,134.613332,0.07,1.45,4.902406461339771
2021-04-19,134.839996,0.07,1.45,4.904088860701072
2021-04-20,133.110001,0.07,1.43,4.8911758615715115
2021-04-21,133.5,0.07,1.42,4.894101477840304
2021-04-22,131.940002,0.07,1.41,4.88234728895313
2021-04-23,134.320007,0.07,1.42,4.900225064883638
2021-04-24,134.4533383333333,0.07,1.4,4.901217211959123
2021-04-25,134.5866696666667,0.07,1.4,4.902208375654367
2021-04-26,134.720001,0.07,1.4,4.903198557916819
2021-04-27,134.389999,0.07,1.46,4.900746013117943
2021-04-28,133.580002,0.07,1.46,4.894700564269791
2021-04-29,133.479996,0.06,1.49,4.893951623916137
2021-04-30,131.460007,0.05,1.49,4.878702676083565
2021-05-01,131.82000233333332,0.05,1.47,4.881437373325479
2021-05-02,132.17999766666668,0.05,1.47,4.884164612389611
2021-05-03,132.539993,0.06,1.47,4.886884433845835
2021-05-04,127.849998,0.06,1.45,4.850857686093863
2021-05-05,128.100006,0.06,1.43,4.852811255741095
2021-05-06,129.740005,0.06,1.42,4.8655324863235245
2021-05-07,130.210007,0.06,1.46,4.869148585499947
2021-05-08,129.090004,0.06,1.47,4.860509866504751
2021-05-09,127.970001,0.06,1.47,4.851795869263836
2021-05-10,126.849998,0.06,1.47,4.8430052702786375
2021-05-11,125.910004,0.06,1.48,4.835567397782333
2021-05-12,122.769997,0.06,1.53,4.810312661756811
2021-05-13,124.970001,0.06,1.5,4.828073716499612
2021-05-14,127.449997,0.06,1.47,4.847724107283481
2021-05-15,127.05666366666668,0.06,1.48,4.844633157557758
2021-05-16,126.66333033333332,0.06,1.48,4.841532624231747
2021-05-17,126.269997,0.06,1.48,4.838422447691976
2021-05-18,124.849998,0.06,1.48,4.827113000706559
2021-05-19,124.690002,0.06,1.52,4.825830673048273
2021-05-20,127.309998,0.06,1.48,4.846625041363869
2021-05-21,125.43,0.06,1.46,4.831747834036584
2021-05-22,125.986666,0.06,1.46,4.83617607595475
2021-05-23,126.543332,0.06,1.46,4.84058479496682
2021-05-24,127.099998,0.06,1.46,4.844974162459767
2021-05-25,126.900002,0.06,1.41,4.8433993904807835
2021-05-26,126.849998,0.06,1.44,4.8430052702786375
2021-05-27,125.279999,0.06,1.47,4.830551224260373
2021-05-28,124.610001,0.05,1.44,4.825188867979814
2021-05-29,124.5275005,0.05,1.44,4.8245265790629
2021-05-30,124.445,0.05,1.44,4.82386385122867
2021-05-31,124.3624995,0.05,1.44,4.8232006838949735
2021-06-01,124.279999,0.06,1.46,4.8225370764785
2021-06-02,125.059998,0.06,1.46,4.828793606146828
2021-06-03,123.540001,0.06,1.47,4.816564998362297
2021-06-04,125.889999,0.06,1.42,4.835408501834725
2021-06-05,125.89333333333332,0.06,1.41,4.835434987569921
2021-06-06,125.89666766666669,0.06,1.41,4.835461472603643
2021-06-07,125.900002,0.06,1.41,4.835487956935925
2021-06-08,126.739998,0.06,1.39,4.842137728115033
2021-06-09,127.129997,0.06,1.34,4.845210161364139
2021-06-10,126.110001,0.06,1.31,4.8371545498973685
2021-06-11,127.349998,0.06,1.31,4.846939185720715
2021-06-12,128.39333066666666,0.06,1.35,4.855098448058445
2021-06-13,129.43666333333334,0.06,1.35,4.8631916752688245
2021-06-14,130.479996,0.06,1.35,4.8712199276567185
2021-06-15,129.639999,0.06,1.35,4.864761370559678
2021-06-16,130.149994,0.06,1.36,4.86868758533992
2021-06-17,131.789993,0.1,1.29,4.881209693540993
2021-06-18,130.460007,0.1,1.19,4.871066720024242
2021-06-19,131.073339,0.1,1.23,4.87575700624403
2021-06-20,131.686671,0.1,1.23,4.880425396338138
2021-06-21,132.300003,0.1,1.23,4.885072093796647
2021-06-22,133.979996,0.1,1.23,4.897690505224919
2021-06-23,133.699997,0.1,1.24,4.895598461669603
2021-06-24,133.410004,0.1,1.23,4.893427123173474
2021-06-25,133.110001,0.1,1.26,4.8911758615715115
2021-06-26,133.66666700000002,0.1,1.24,4.895349141132225
2021-06-27,134.223333,0.1,1.24,4.899505076786549
2021-06-28,134.779999,0.1,1.24,4.903643812098572
2021-06-29,136.330002,0.1,1.22,4.915078431868324
2021-06-30,136.960007,0.08,1.2,4.919688963503243
2021-07-01,137.270004,0.1,1.23,4.9219498184032195
2021-07-02,139.960007,0.1,1.2,4.941356717513775
2021-07-03,140.47500624999998,0.1,1.2,4.9450295814901635
2021-07-04,140.9900055,0.1,1.2,4.948689004887128
2021-07-05,141.50500475,0.1,1.2,4.952335085715766
2021-07-06,142.020004,0.1,1.15,4.955967920918995
2021-07-07,144.570007,0.1,1.11,4.973763867739801
2021-07-08,143.240005,0.1,1.11,4.964521580036682
2021-07-09,145.110001,0.1,1.14,4.977492082394326
2021-07-10,144.90666733333333,0.1,1.15,4.97608986161059
2021-07-11,144.70333366666668,0.1,1.15,4.9746856718424555
2021-07-12,144.5,0.1,1.15,4.973279507552487
2021-07-13,145.639999,0.1,1.16,4.981137816440987
2021-07-14,149.149994,0.1,1.14,5.004952470732798
2021-07-15,148.479996,0.1,1.08,5.000450242098235
2021-07-16,146.389999,0.1,1.06,4.986274286352253
2021-07-17,145.076665,0.1,0.98,4.977262326833147
2021-07-18,143.763331,0.1,0.98,4.968168412768918
2021-07-19,142.449997,0.1,0.98,4.958991039883896
2021-07-20,146.149994,0.1,1.03,4.984633450503542
2021-07-21,145.399994,0.1,1.08,4.979488523833943
2021-07-22,146.800003,0.1,1.07,4.989071136616382
2021-07-23,148.559998,0.1,1.08,5.000988903581876
2021-07-24,148.70333366666668,0.1,1.07,5.001953271955006
2021-07-25,148.84666933333332,0.1,1.07,5.0029167112177095
2021-07-26,148.990005,0.1,1.07,5.003879223158546
2021-07-27,146.770004,0.1,1.05,4.988866762876633
2021-07-28,144.979996,0.1,1.06,4.9765957742827185
2021-07-29,145.639999,0.1,1.08,4.981137816440987
2021-07-30,145.860001,0.07,1.05,4.982647264411976
2021-07-31,145.74666866666666,0.07,1.03,4.981869968479966
2021-08-01,145.63333633333335,0.07,1.03,4.98109206788896
2021-08-02,145.520004,0.1,1.03,4.980313561697497
2021-08-03,146.34680927548436,0.1,1.02,4.985979210887821
2021-08-04,146.949997,0.1,1.02,4.990092372449819
2021-08-05,147.059998,0.1,1.02,4.990840653168185
2021-08-06,146.139999,0.1,1.1,4.984565059520318
2021-08-07,146.12333133333334,0.1,1.1,4.98445100028021
2021-08-08,146.10666366666666,0.1,1.1,4.984336928029107
2021-08-09,146.089996,0.1,1.1,4.984222842764041
2021-08-10,145.600006,0.1,1.12,4.980863176971376
2021-08-11,145.860001,0.1,1.12,4.982647264411976
2021-08-12,147.69333404073885,0.1,1.13,4.995138056770314
2021-08-13,149.100006,0.1,1.06,5.0046172620121405
2021-08-14,149.77333566666667,0.1,1.05,5.009123055684356
2021-08-15,150.44666533333333,0.1,1.05,5.013608638213156
2021-08-16,151.119995,0.1,1.05,5.018074190106964
2021-08-17,150.190002,0.1,1.03,5.011901172533955
2021-08-18,146.360001,0.09,1.04,4.986069346983474
2021-08-19,146.699997,0.09,1.02,4.988389664699038
2021-08-20,148.190002,0.09,1.03,4.9984952476982745
2021-08-21,148.69667033333332,0.09,1.02,5.001908461375014
2021-08-22,149.20333866666667,0.09,1.02,5.005310064641727
2021-08-23,149.710007,0.09,1.02,5.008700136218808
2021-08-24,149.619995,0.09,1.05,5.008098713026266
2021-08-25,148.360001,0.09,1.12,4.999641759361752
2021-08-26,147.539993,0.09,1.09,4.994099278011395
2021-08-27,148.600006,0.08,1.09,5.001258172660509
2021-08-28,150.106669,0.08,1.09,5.011346168032163
2021-08-29,151.613332,0.08,1.09,5.021333411294111
2021-08-30,153.119995,0.08,1.09,5.031221895050516
2021-08-31,151.830002,0.06,1.1,5.022761487066724
2021-09-01,152.509995,0.08,1.11,5.027230134883356
2021-09-02,153.649994,0.08,1.09,5.0346772495267045
2021-09-03,154.300003,0.08,1.12,5.03889877881176
2021-09-04,154.89750275,0.08,1.12,5.042763625601453
2021-09-05,155.4950025,0.08,1.12,5.046613592839178
2021-09-06,156.09250225,0.08,1.12,5.050448794657385
2021-09-07,156.690002,0.08,1.16,5.054269343880374
2021-09-08,155.110001,0.08,1.13,5.044134549083697
2021-09-09,154.070007,0.08,1.07,5.0374070900275765
2021-09-10,148.970001,0.08,1.12,5.003744950104262
2021-09-11,149.163335,0.08,1.12,5.005041913601835
2021-09-12,149.356669,0.08,1.12,5.006337197163675
2021-09-13,149.550003,0.08,1.12,5.007630805136137
2021-09-14,148.119995,0.08,1.07,4.998022722288997
2021-09-15,149.029999,0.08,1.1,5.004147621250643
2021-09-16,148.789993,0.08,1.11,5.002535868793433
2021-09-17,146.059998,0.08,1.14,4.9840174824989605
2021-09-18,145.01999933333337,0.08,1.08,4.97687165934638
2021-09-19,143.98000066666663,0.08,1.08,4.969674405671429
2021-09-20,142.940002,0.08,1.08,4.962424975783717
2021-09-21,143.429993,0.08,1.11,4.965847062501826
2021-09-22,145.850006,0.08,1.07,4.9825787374518855
2021-09-23,146.830002,0.08,1.14,4.98927546859604
2021-09-24,146.919998,0.08,1.18,4.989888207338616
2021-09-25,146.40333033333332,0.08,1.17,4.986365349446982
2021-09-26,145.88666266666667,0.08,1.17,4.98283003713956
2021-09-27,145.369995,0.08,1.17,4.9792821820432405
2021-09-28,141.910004,0.08,1.23,4.9551930820333245
2021-09-29,142.830002,0.08,1.25,4.961655125877198
2021-09-30,141.5,0.06,1.24,4.952299717083292
2021-10-01,142.649994,0.08,1.21,4.96039403559852
2021-10-02,141.47999566666667,0.08,1.22,4.952158333708686
2021-10-03,140.3099973333333,0.08,1.22,4.943854241400369
2021-10-04,139.139999,0.08,1.22,4.935480613308489
2021-10-05,141.110001,0.08,1.26,4.949539735156339
2021-10-06,142.0,0.08,1.23,4.955827057601261
2021-10-07,143.289993,0.08,1.26,4.964870499876532
2021-10-08,142.899994,0.08,1.29,4.962145042948417
2021-10-09,142.86999533333332,0.08,1.29,4.961935093213339
2021-10-10,142.83999666666668,0.08,1.29,4.961725099390113
2021-10-11,142.809998,0.08,1.29,4.96151506146022
2021-10-12,141.509995,0.08,1.24,4.952370350631087
2021-10-13,140.910004,0.08,1.19,4.948121417093927
2021-10-14,143.759995,0.08,1.16,4.968145207695114
2021-10-15,144.839996,0.08,1.18,4.97562965728076
2021-10-16,145.40999833333333,0.08,1.15,4.979557327063551
2021-10-17,145.98000066666668,0.08,1.15,4.983469630590322
2021-10-18,146.550003,0.08,1.15,4.9873666876277305
2021-10-19,148.759995,0.08,1.24,5.002334235445683
2021-10-20,149.259995,0.08,1.25,5.005689718204648
2021-10-21,149.479996,0.08,1.23,5.00716257785785
2021-10-22,148.690002,0.08,1.18,5.001863615159936
2021-10-23,148.67333433333332,0.08,1.17,5.001751512122018
2021-10-24,148.65666666666667,0.08,1.17,5.001639396515601
2021-10-25,148.639999,0.08,1.17,5.001527268337864
2021-10-26,149.320007,0.08,1.16,5.006091700925568
2021-10-27,148.850006,0.08,1.04,5.00293912777082
2021-10-28,150.17298914765755,0.08,1.07,5.011787890586032
2021-10-29,149.800003,0.07,1.07,5.009301091109821
2021-10-30,149.52000433333333,0.07,1.08,5.007430192128937
2021-10-31,149.24000566666666,0.07,1.08,5.005555786323116
2021-11-01,148.960007,0.08,1.08,5.003677860521237
2021-11-02,150.020004,0.08,1.1,5.010768645204601
2021-11-03,151.490005,0.08,1.13,5.020519649175711
2021-11-04,150.960007,0.08,1.12,5.017014947430193
2021-11-05,151.279999,0.08,1.06,5.019132417739943
2021-11-06,151.0,0.08,1.06,5.017279836814924
2021-11-07,150.720001,0.08,1.06,5.015423817462873
2021-11-08,150.440002,0.08,1.06,5.013564346896472
2021-11-09,150.809998,0.08,1.05,5.016020753110873
2021-11-10,147.919998,0.08,1.05,4.996671573558047
2021-11-11,147.869995,0.08,1.05,4.996333475571911
2021-11-12,149.990005,0.08,1.05,5.010568658542823
2021-11-13,149.99333666666666,0.08,1.1,5.010590870887337
2021-11-14,149.99666833333333,0.08,1.1,5.010613082738474
2021-11-15,150.0,0.08,1.1,5.0106352940962555
2021-11-16,151.0,0.08,1.09,5.017279836814924
2021-11-17,153.490005,0.08,1.08,5.033635450900729
2021-11-18,157.869995,0.08,1.07,5.061771877872006
2021-11-19,160.550003,0.08,1.02,5.07860543922129
2021-11-20,160.70667,0.08,1.0,5.079580777793757
2021-11-21,160.863337,0.08,1.0,5.080555166007739
2021-11-22,161.020004,0.08,1.0,5.081528605713469
2021-11-23,161.410004,0.08,1.07,5.0839477365668
2021-11-24,161.940002,0.08,1.0,5.087225908608222
2021-11-25,159.375,0.08,1.0,5.071259915912691
2021-11-26,156.809998,0.08,0.98,5.055034868638652
2021-11-27,157.95333366666668,0.08,1.01,5.062299632860549
2021-11-28,159.09666933333332,0.08,1.01,5.069512000701818
2021-11-29,160.240005,0.08,1.01,5.076672722560757
2021-11-30,165.300003,0.07,0.91,5.107762022975798
2021-12-01,164.770004,0.08,0.87,5.104550586345604
2021-12-02,163.759995,0.08,0.81,5.098401910820547
2021-12-03,161.839996,0.08,0.75,5.086608168143721
2021-12-04,162.99999966666667,0.08,0.78,5.093750198761772
2021-12-05,164.16000333333335,0.08,0.78,5.1008415822877975
2021-12-06,165.320007,0.08,0.78,5.107883031985655
2021-12-07,171.179993,0.08,0.78,5.142715593560835
2021-12-08,175.080002,0.08,0.84,5.165243023746044
2021-12-09,174.559998,0.08,0.79,5.162268510627382
2021-12-10,179.449997,0.08,0.81,5.189896600875867
2021-12-11,178.213333,0.08,0.76,5.182981332664288
2021-12-12,176.976669,0.08,0.76,5.176017910326336
2021-12-13,175.740005,0.08,0.76,5.1690056585188175
2021-12-14,174.330002,0.08,0.77,5.160950066227619
2021-12-15,179.300003,0.08,0.78,5.189060397342821
2021-12-16,172.259995,0.08,0.8,5.149004934335136
2021-12-17,171.139999,0.08,0.75,5.142481929146739
2021-12-18,170.67666599999998,0.08,0.78,5.13977092449883
2021-12-19,170.213333,0.08,0.78,5.137052550321365
2021-12-20,169.75,0.08,0.78,5.1343267664388055
2021-12-21,172.990005,0.08,0.78,5.15323381826229
2021-12-22,175.639999,0.08,0.78,5.168436440000053
2021-12-23,176.279999,0.08,0.79,5.172073634300993
2021-12-24,177.29249975,0.08,0.79,5.17780090959091
2021-12-25,178.3050005,0.08,0.72,5.183495569904881
2021-12-26,179.31750125000002,0.08,0.72,5.189157984603937
2021-12-27,180.330002,0.08,0.72,5.194788516809958
2021-12-28,179.289993,0.08,0.75,5.189004567564444
2021-12-29,179.380005,0.08,0.8,5.189506488563644
2021-12-30,178.199997,0.08,0.79,5.182906498201692
2021-12-31,177.570007,0.07,0.79,5.179364936791816
2022-01-01,179.050003,0.07,0.85,5.187665113199538
2022-01-02,180.529999,0.07,0.85,5.1958969634093215
2022-01-03,182.009995,0.08,0.85,5.204061603151298
2022-01-04,179.699997,0.08,0.89,5.191288777095022
2022-01-05,174.919998,0.08,0.88,5.164328715110922
2022-01-06,172.0,0.08,0.85,5.147494476813453
2022-01-07,172.169998,0.08,0.89,5.148482349171955
2022-01-08,172.17666599999998,0.08,0.86,5.148521077585487
2022-01-09,172.183334,0.08,0.86,5.148559804499187
2022-01-10,172.190002,0.08,0.86,5.148598529913171
2022-01-11,173.32670750565524,0.08,0.85,5.155178296247822
2022-01-12,175.529999,0.08,0.82,5.167809962771223
2022-01-13,172.190002,0.08,0.79,5.148598529913171
2022-01-14,173.070007,0.08,0.79,5.153696177382969
2022-01-15,172.252506,0.08,0.79,5.148961458409128
2022-01-16,171.435005,0.08,0.79,5.144204215183243
2022-01-17,170.617504,0.08,0.79,5.139424232373426
2022-01-18,169.800003,0.08,0.81,5.134621291545091
2022-01-19,166.229996,0.08,0.79,5.113372347484322
2022-01-20,164.509995,0.08,0.75,5.10297132823804
2022-01-21,162.410004,0.08,0.74,5.090124026815537
2022-01-22,162.14666766666664,0.08,0.76,5.088501281611945
2022-01-23,161.88333133333333,0.08,0.76,5.086875898825653
2022-01-24,161.619995,0.08,0.76,5.085247869868536
2022-01-25,159.779999,0.08,0.76,5.07379786279529
2022-01-26,159.690002,0.08,0.72,5.0732344483770415
2022-01-27,159.220001,0.08,0.63,5.07028689994105
2022-01-28,170.330002,0.08,0.63,5.137737743614399
2022-01-29,171.81333433333333,0.08,0.61,5.146408621982547
2022-01-30,173.29666666666668,0.08,0.61,5.155004962068409
2022-01-31,174.779999,0.08,0.61,5.1635280344779195
2022-02-01,174.610001,0.08,0.63,5.162554921261085
2022-02-02,175.839996,0.08,0.62,5.169574467907358
2022-02-03,172.899994,0.08,0.63,5.152713357987104
2022-02-04,172.389999,0.08,0.62,5.149759346106086
2022-02-05,172.1466673333333,0.08,0.62,5.148346830511075
2022-02-06,171.90333566666666,0.08,0.62,5.146932316893186
2022-02-07,171.660004,0.08,0.62,5.14551579959195
2022-02-08,174.830002,0.08,0.61,5.163814084649242
2022-02-09,176.279999,0.08,0.58,5.172073634300993
2022-02-10,172.119995,0.08,0.42,5.1481918789208985
2022-02-11,168.639999,0.08,0.42,5.127766259423206
2022-02-12,168.720001,0.08,0.4,5.128240542097498
2022-02-13,168.800003,0.08,0.4,5.128714599934368
2022-02-14,168.880005,0.08,0.4,5.129188433146886
2022-02-15,172.789993,0.08,0.47,5.152076943813426
2022-02-16,172.550003,0.08,0.51,5.150687066930277
2022-02-17,168.880005,0.08,0.48,5.129188433146886
2022-02-18,167.300003,0.08,0.45,5.119788625924637
2022-02-19,166.555004,0.08,0.45,5.115325609219868
2022-02-20,165.810005,0.08,0.45,5.110842584668277
2022-02-21,165.065006,0.08,0.45,5.106339372070085
2022-02-22,164.320007,0.08,0.38,5.101815788780052
2022-02-23,160.070007,0.08,0.41,5.075611263289473
2022-02-24,162.740005,0.08,0.42,5.092153865992365
2022-02-25,164.850006,0.08,0.42,5.105036005914464
2022-02-26,164.94000233333333,0.08,0.39,5.105581785551768
2022-02-27,165.02999866666667,0.08,0.39,5.106127267476137
2022-02-28,165.119995,0.08,0.39,5.10667245201219
2022-03-01,163.199997,0.08,0.41,5.094976424147654
2022-03-02,166.559998,0.08,0.36,5.115355592858974
2022-03-03,166.229996,0.08,0.33,5.113372347484322
2022-03-04,163.169998,0.08,0.24,5.094792589845824
2022-03-05,161.87999966666666,0.08,0.23,5.086855317948526
2022-03-06,160.59000133333333,0.08,0.23,5.078854541376117
2022-03-07,159.300003,0.08,0.23,5.070789235748395
2022-03-08,157.440002,0.08,0.23,5.059044446007195
2022-03-09,162.949997,0.08,0.26,5.093443386873015
2022-03-10,158.520004,0.08,0.26,5.065880793555643
2022-03-11,154.729996,0.08,0.25,5.041681636650098
2022-03-12,153.35999566666666,0.08,0.27,5.032788070481433
2022-03-13,151.98999533333333,0.08,0.27,5.023814698504595
2022-03-14,150.619995,0.08,0.27,5.014760075477082
2022-03-15,155.089996,0.08,0.3,5.044005567779886
2022-03-16,159.589996,0.08,0.24,5.072608001346867
2022-03-17,160.619995,0.33,0.26,5.079041295630942
2022-03-18,163.979996,0.33,0.17,5.099744444774813
2022-03-19,164.44666566666666,0.33,0.18,5.102586296763149
2022-03-20,164.91333533333335,0.33,0.18,5.10542009550948
2022-03-21,165.380005,0.33,0.18,5.108245886527422
2022-03-22,168.820007,0.33,0.2,5.128833100019855
2022-03-23,170.210007,0.33,0.19,5.137033009945549
2022-03-24,174.070007,0.33,0.21,5.159457557378325
2022-03-25,174.720001,0.33,0.18,5.163184698279983
2022-03-26,175.013336,0.33,0.11,5.1648621767342915
2022-03-27,175.306671,0.33,0.11,5.166536845966387
2022-03-28,175.600006,0.33,0.11,5.16820871536958
2022-03-29,178.960007,0.33,0.06,5.187162356296759
2022-03-30,177.770004,0.33,0.04,5.180490602435579
2022-03-31,174.610001,0.33,0.04,5.162554921261085
2022-04-01,174.309998,0.33,-0.05,5.160835311752963
